رقم السجل,اسم النشاط,الفئة الرئيسية,التصنيف الفرعي,نوع النشاط الأصلي,التصنيف الأصلي,المدينة,المدينة / القرية,العنوان,الهاتف,واتساب,فيسبوك,إنستغرام,الموقع الإلكتروني,مواعيد العمل,تقييم جوجل,عدد مراجعات جوجل,نطاق الأسعار,معرّف المكان في جوجل,رابط خرائط جوجل,الوصف,معلومات الأسعار,الصور,نشاط إلكتروني فقط,موثّق,المصدر,نوع المصدر,تاريخ الجمع,خط العرض,خط الطول
1,مشويات الملك فاروق,🍔 المطاعم والكافيهات,مطاعم وكافيهات وحلويات,,Barbecue restaurant,Banha,,"كورنيش النيل, Qism Banha, Banha 2, Al-Qalyubia Governorate 6470140, Egypt",201000040388.0,,,,,,4.1,1981.0,"E£200–1,200",ChIJWRxD3kjf9xQRYfzqEY3LvOU,https://www.جوجل.com/maps/search/?api=1&query=%D9%85%D8%B4%D9%88%D9%8A%D8%A7%D8%AA%20%D8%A7%D9%84%D9%85%D9%84%D9%83%20%D9%81%D8%A7%D8%B1%D9%88%D9%82%20%D9%83%D9%88%D8%B1%D9%86%D9%8A%D8%B4%20%D8%A7%D9%84%D9%86%D9%8A%D9%84%2C%20Qism%20Banha%2C%20Banha%202%2C%20Al-Qalyubia%20Governorate%206470140%2C%20Egypt,,,,,False,جوجل للأعمال / خرائط جوجل,ملف نشاط تجاري على جوجل,2026-09-18,,
3,مياس للمأكولات البحرية,🍔 المطاعم والكافيهات,مطاعم وكافيهات وحلويات,,Seafood restaurant,Banha,,"F5GJ+W32, شارع 10 خلف استراحة المحافظ, Street 10, Qism Banha, Banha 2, Al-Qalyubia Governorate, Egypt",201027011150.0,,,,,,4.2,1699.0,,ChIJxTMUj1rf9xQR864m_Wq2rC8,https://www.جوجل.com/maps/search/?api=1&query=%D9%85%D9%8A%D8%A7%D8%B3%20%D9%84%D9%84%D9%85%D8%A3%D9%83%D9%88%D9%84%D8%A7%D8%AA%20%D8%A7%D9%84%D8%A8%D8%AD%D8%B1%D9%8A%D8%A9%20F5GJ%2BW32%2C%20%D8%B4%D8%A7%D8%B1%D8%B9%2010%20%D8%AE%D9%84%D9%81%20%D8%A7%D8%B3%D8%AA%D8%B1%D8%A7%D8%AD%D8%A9%20%D8%A7%D9%84%D9%85%D8%AD%D8%A7%D9%81%D8%B8%2C%20Street%2010%2C%20Qism%20Banha%2C%20Banha%202%2C%20Al-Qalyubia%20Governorate%2C%20Egypt,,,,,False,جوجل للأعمال / خرائط جوجل,ملف نشاط تجاري على جوجل,2026-09-18,,
4,HR مطعم,🍔 المطاعم والكافيهات,مطاعم وكافيهات وحلويات,مطعم,مطاعم,Banha,,"Qism Banha, Banha, Al-Qalyubia Governorate 6470125, Egypt",201017170000.0,,,,,,4.4,917.0,E£400–600,ChIJj6fVVmff9xQR56OT_4DGY9o,https://www.جوجل.com/maps/search/?api=1&query=HR%20مطعم%20Qism%20Banha%2C%20Banha%2C%20Al-Qalyubia%20Governorate%206470125%2C%20Egypt,,,,,False,جوجل للأعمال / خرائط جوجل,ملف نشاط تجاري على جوجل,2026-09-18,,
5,muslem cafa,🍔 المطاعم والكافيهات,مطاعم وكافيهات وحلويات,,كافيه,Banha,,"Al Nassag, Qism Banha, Banha 2, Al-Qalyubia Governorate 6470014, Egypt",201112634694.0,,,,,,4.4,376.0,,ChIJmXQTP5rf9xQR7kqDCyjekg8,https://www.جوجل.com/maps/search/?api=1&query=muslem%20cafa%20Al%20Nassag%2C%20Qism%20Banha%2C%20Banha%202%2C%20Al-Qalyubia%20Governorate%206470014%2C%20Egypt,,,,,False,جوجل للأعمال / خرائط جوجل,ملف نشاط تجاري على جوجل,2026-09-18,,
6,Elixiry Oasis,🍔 المطاعم والكافيهات,مطاعم وكافيهات وحلويات,,Barbecue restaurant,Banha,,"F58J+M5M, Al Hezb Al Watani, Qism Banha, Banha 2, Al-Qalyubia Governorate 6470010, Egypt",20133246644.0,,,,,,4.2,308.0,E£1–400,ChIJL_b8Glff9xQRc57RqDfSVt8,https://www.جوجل.com/maps/search/?api=1&query=Elixiry%20Oasis%20F58J%2BM5M%2C%20Al%20Hezb%20Al%20Watani%2C%20Qism%20Banha%2C%20Banha%202%2C%20Al-Qalyubia%20Governorate%206470010%2C%20Egypt,,,,,False,جوجل للأعمال / خرائط جوجل,ملف نشاط تجاري على جوجل,2026-09-18,,
8,bellissimo كافيه,🍔 المطاعم والكافيهات,مطاعم وكافيهات وحلويات,,كافيه,Banha,,"F5HH+3X2, Street 9, Qism Banha, Banha 2, Al-Qalyubia Governorate 6470124, Egypt",201211470279.0,,,,,,4.4,206.0,,ChIJeX78gpff9xQRK2cUTq7hLWw,https://www.جوجل.com/maps/search/?api=1&query=bellissimo%20كافيه%20F5HH%2B3X2%2C%20Street%209%2C%20Qism%20Banha%2C%20Banha%202%2C%20Al-Qalyubia%20Governorate%206470124%2C%20Egypt,,,,,False,جوجل للأعمال / خرائط جوجل,ملف نشاط تجاري على جوجل,2026-09-18,,
9,La Poire,🍔 المطاعم والكافيهات,مطاعم وكافيهات وحلويات,Bakery,مخابز وحلويات,Banha,,"F5CM+9F, 15 El-Shaheed Farid Nada, St, Banha, Al-Qalyubia Governorate 6470153, Egypt",20223229012.0,,,,,,4.2,183.0,,ChIJA9SN8Vrf9xQRHHCne4vE_fI,https://www.جوجل.com/maps/search/?api=1&query=La%20Poire%20F5CM%2B9F%2C%2015%20El-Shaheed%20Farid%20Nada%2C%20St%2C%20Banha%2C%20Al-Qalyubia%20Governorate%206470153%2C%20Egypt,,,,,False,جوجل للأعمال / خرائط جوجل,ملف نشاط تجاري على جوجل,2026-09-18,,
10,Moon café & Dessert,🍔 المطاعم والكافيهات,مطاعم وكافيهات وحلويات,كافيه وحلويات,كافيه وحلويات,Banha,,الفلل شارع 6 أمام مطعم كلاش برجر,,,,,,,4.5,121.0,,,,,,,,False,جوجل للأعمال / خرائط جوجل,ملف نشاط تجاري على جوجل,2026-09-18,,
11,مون كافيه وحلويات,🍔 المطاعم والكافيهات,مطاعم وكافيهات وحلويات,,,بنها,,الفلل، شارع 6 أمام مطعم كلاش برجر,,,,,,,4.5,121.0,,ChIJzR_bTDrf9xQRrU6iP4yv3Uk,,,,,,لا,جوجل للأعمال / خرائط جوجل,ملف نشاط تجاري على جوجل,2026-09-18,,
12,Grinder كافيه & مطعم,🍔 المطاعم والكافيهات,مطاعم وكافيهات وحلويات,مطعم,مطعم,Banha,,الفِلَل، شارع 4 خلف مسلم كافيه,20133232931.0,,,,,,4.5,119.0,E£200–400,,,,,,,False,جوجل للأعمال / خرائط جوجل,ملف نشاط تجاري على جوجل,2026-09-18,,
13,جريندر كافيه ومطعم,🍔 المطاعم والكافيهات,مطاعم وكافيهات وحلويات,,,بنها,,الفلل، شارع 4 خلف مسلم كافيه,20133232931.0,,,,,الجمعة 12م–2ص، السبت 9ص–1ص، الأحد–الأربعاء 9ص–1ص، الخميس 9ص–2ص,4.5,119.0,200–400 جنيه,ChIJiQug8Obf9xQRs6YbaMtAeCU,,,,,,لا,جوجل للأعمال / خرائط جوجل,ملف نشاط تجاري على جوجل,2026-09-18,,
14,Martin juice,🍔 المطاعم والكافيهات,مطاعم وكافيهات وحلويات,Juice shop,حلويات ومشروبات,Banha,,"F5HH+FRG, امام نادي القوات المسلحة, آخر, Egypt",,,,,,,4.9,20.0,,ChIJqdJsagDf9xQR98AhI5XfE2c,https://www.جوجل.com/maps/search/?api=1&query=Martin%20juice%20F5HH%2BFRG%2C%20%D8%A7%D9%85%D8%A7%D9%85%20%D9%86%D8%A7%D8%AF%D9%8A%20%D8%A7%D9%84%D9%82%D9%88%D8%A7%D8%AA%20%D8%A7%D9%84%D9%85%D8%B3%D9%84%D8%AD%D8%A9%2C%20%D8%A2%D8%AE%D8%B1%2C%20Egypt,,,,,False,جوجل للأعمال / خرائط جوجل,ملف نشاط تجاري على جوجل,2026-09-18,,
15,Gelato Italian Trifillo 🇮🇹,🍔 المطاعم والكافيهات,مطاعم وكافيهات وحلويات,Ice cream shop,حلويات ومشروبات,Banha,,"45, Al-Qalyubia Governorate 13511, Egypt",201030891924.0,,,,,,4.9,12.0,,ChIJd_xcV7Lf9xQR4yNiappKb4k,https://www.جوجل.com/maps/search/?api=1&query=Gelato%20Italian%20Trifillo%20%F0%9F%87%AE%F0%9F%87%B9%2045%2C%20Al-Qalyubia%20Governorate%2013511%2C%20Egypt,,,,,False,جوجل للأعمال / خرائط جوجل,ملف نشاط تجاري على جوجل,2026-09-18,,
16,Ice cream omaya آيس كريم اميه فرع بنها,🍔 المطاعم والكافيهات,مطاعم وكافيهات وحلويات,Ice cream shop,حلويات ومشروبات,Banha,,"امتداد شارع الموقف أمام صيدليه د /محمد زين, Banha, Al-Qalyubia Governorate, Egypt",201097003680.0,,,,,,4.5,10.0,,ChIJI4ETdMvf9xQR68w8-ShsXhk,https://www.جوجل.com/maps/search/?api=1&query=Ice%20cream%20omaya%20%D8%A2%D9%8A%D8%B3%20%D9%83%D8%B1%D9%8A%D9%85%20%D8%A7%D9%85%D9%8A%D9%87%20%D9%81%D8%B1%D8%B9%20%D8%A8%D9%86%D9%87%D8%A7%20%D8%A7%D9%85%D8%AA%D8%AF%D8%A7%D8%AF%20%D8%B4%D8%A7%D8%B1%D8%B9%20%D8%A7%D9%84%D9%85%D9%88%D9%82%D9%81%20%D8%A3%D9%85%D8%A7%D9%85%20%D8%B5%D9%8A%D8%AF%D9%84%D9%8A%D9%87%20%D8%AF%20/%D9%85%D8%AD%D9%85%D8%AF%20%D8%B2%D9%8A%D9%86%2C%20Banha%2C%20Al-Qalyubia%20Governorate%2C%20Egypt,,,,,False,جوجل للأعمال / خرائط جوجل,ملف نشاط تجاري على جوجل,2026-09-18,,
17,CAVE CAFE & PS,🍔 المطاعم والكافيهات,مطاعم وكافيهات وحلويات,كافيه,كافيهات,Banha,,"F5FH+HJV, الفلل _, Mecca, Al-Qalyubia Governorate, Egypt",201094475440.0,,,,,,5.0,6.0,,ChIJs0l8cobf9xQRZzDc7n559Q0,https://www.جوجل.com/maps/search/?api=1&query=CAVE%20CAFE%20%26%20PS%20F5FH%2BHJV%2C%20%D8%A7%D9%84%D9%81%D9%84%D9%84%20_%2C%20Mecca%2C%20Al-Qalyubia%20Governorate%2C%20Egypt,,,,,False,جوجل للأعمال / خرائط جوجل,ملف نشاط تجاري على جوجل,2026-09-18,,
18,LiLo,🍔 المطاعم والكافيهات,مطاعم وكافيهات وحلويات,,كافيه,Banha,,"شارع 5 الكورنيش, Qism Banha, Banha 2, Al-Qalyubia Governorate 6470124, Egypt",,,,,,,4.8,4.0,,ChIJkdzkRADf9xQRtNHHNyX-1sM,https://www.جوجل.com/maps/search/?api=1&query=LiLo%20%D8%B4%D8%A7%D8%B1%D8%B9%205%20%D8%A7%D9%84%D9%83%D9%88%D8%B1%D9%86%D9%8A%D8%B4%2C%20Qism%20Banha%2C%20Banha%202%2C%20Al-Qalyubia%20Governorate%206470124%2C%20Egypt,,,,,False,جوجل للأعمال / خرائط جوجل,ملف نشاط تجاري على جوجل,2026-09-18,,
19,Davero Pizzeria,🍔 المطاعم والكافيهات,مطاعم وكافيهات وحلويات,,Pizza restaurant,Banha,,"26, Mohammed Ateya Mansour Street, Banha, Egypt",201285634443.0,,,,,,4.5,2.0,,6621905,https://www.جوجل.com/maps/search/?api=1&query=Davero%20Pizzeria%2026%2C%20Mohammed%20Ateya%20Mansour%20Street%2C%20Banha%2C%20Egypt,,,,,False,جوجل للأعمال / خرائط جوجل,ملف نشاط تجاري على جوجل,2026-09-18,,
20,Refaey,🍔 المطاعم والكافيهات,مطاعم وكافيهات وحلويات,,مطعم,Banha,,"Qism Banha, Banha, Al-Qalyubia Governorate, Egypt",,,,,,,5.0,1.0,,ChIJNb68GHV2WBQRboNHaYa2fxY,https://www.جوجل.com/maps/search/?api=1&query=Refaey%20Qism%20Banha%2C%20Banha%2C%20Al-Qalyubia%20Governorate%2C%20Egypt,,,,,False,جوجل للأعمال / خرائط جوجل,ملف نشاط تجاري على جوجل,2026-09-18,,
21,Abou El Goud مطعم,🍔 المطاعم والكافيهات,مطاعم وكافيهات وحلويات,مطاعم,,,مدينة بنها,"54 Abdel Hafez St., Kafr Manaqer, Banha",,,,,,,,,,,,,,,False,False,Egypt Yellow Pages,,2026-09-18,,
22,Abou Ghazala مطعم,🍔 المطاعم والكافيهات,مطاعم وكافيهات وحلويات,مطاعم,,,مدينة بنها,"Abou El Saud Bldg., Banha",,,,,,,,,,,,,,,False,False,Egypt Yellow Pages,,2026-09-18,,
23,Aly Abou El Dahab Bakery,🍔 المطاعم والكافيهات,مطاعم وكافيهات وحلويات,مطاعم,,,مدينة بنها,"Gamil St., Banha",,,,,,,,,,,,,,,False,False,Egypt Yellow Pages,,2026-09-18,,
24,BBQ مطعم,🍔 المطاعم والكافيهات,مطاعم وكافيهات وحلويات,مطعم,مشويات/مطاعم,,كفر الجزار,الطريق السريع أمام كازيون,201201508100.0,,,,,,,,,,,,,,False,False,مطعم Guru,,,,
25,Caviar مطعم,🍔 المطاعم والكافيهات,مطاعم وكافيهات وحلويات,مطاعم,,,مدينة بنها,"1 Corniche El Nil St., Villas Zone, Banha",,,,,,,,,,,,,,,False,False,Egypt Yellow Pages,,2026-09-18,,
26,El 3ndlib كافيه,🍔 المطاعم والكافيهات,مطاعم وكافيهات وحلويات,مطاعم,,,مدينة بنها,"Mostashfa El Amal St., Banha",,,,,,,,,,,,,,,False,False,Egypt Yellow Pages,,2026-09-18,,
27,El Alamain مطعم,🍔 المطاعم والكافيهات,مطاعم وكافيهات وحلويات,مطاعم,,,مدينة بنها,"Villa 12 El Mahdy St., Villas Zone, Banha",,,,,,,,,,,,,,,False,False,Egypt Yellow Pages,,2026-09-18,,
28,El Ghamry مطعم,🍔 المطاعم والكافيهات,مطاعم وكافيهات وحلويات,مطاعم,,,مدينة بنها,"5 Farid Nada St., Banha",,,,,,,,,,,,,,,False,False,Egypt Yellow Pages,,2026-09-18,,
29,El Ordony مطعم,🍔 المطاعم والكافيهات,مطاعم وكافيهات وحلويات,مطاعم,,,مدينة بنها,"Sidi Abdel Rahman St., Banha",,,,,,,,,,,,,,,False,False,Egypt Yellow Pages,,2026-09-18,,
30,El Qersh مطعم,🍔 المطاعم والكافيهات,مطاعم وكافيهات وحلويات,مطاعم,,,مدينة بنها,"54 Abdel Hafez St., Kafr Manaqer, Banha",,,,,,,,,,,,,,,False,False,Egypt Yellow Pages,,2026-09-18,,
31,El Rawda El Sharifa Bakery,🍔 المطاعم والكافيهات,مطاعم وكافيهات وحلويات,مطاعم,,,مدينة بنها,"Seif El Nasr St., Banha",,,,,,,,,,,,,,,False,False,Egypt Yellow Pages,,2026-09-18,,
35,حلواني الخديوي - فرع كفر الجزار,🍔 المطاعم والكافيهات,مطاعم وكافيهات وحلويات,حلواني,حلويات,,كفر الجزار,الطريق السريع - بجوار صيدلية أحمد سمير,201091841705.0,,,,,,,,,,,,,,False,False,Foodyas,,,,
36,كافيه Cheno,🍔 المطاعم والكافيهات,مطاعم وكافيهات وحلويات,مطاعم,,,مدينة بنها,"15 Saad Zaghloul St., Banha",,,,,,,,,,,,,,,False,False,Egypt Yellow Pages,,2026-09-18,,
37,مطعم العربي,🍔 المطاعم والكافيهات,مطاعم وكافيهات وحلويات,مطعم,مطاعم,,كفر الجزار,بنها - كفر الجزار,201201053676.0,,,,,,,,,,,,,,False,False,Bizmideast,,,,
38,مول الأهرام للأجهزة الكهربائية و الأدوات المنزلية,🏠 الأثاث والأجهزة المنزلية,أثاث وأجهزة منزلية,متجر أجهزة,أجهزة وأدوات منزلية,Banha,,"شارع الكوبري, Qism Banha, Banha, Al-Qalyubia Governorate 13015, Egypt",20133250240.0,,,,,,4.3,1259.0,,ChIJzWw22Gt1WBQRhBFmOmXpIxo,https://www.جوجل.com/maps/search/?api=1&query=%D9%85%D9%88%D9%84%20%D8%A7%D9%84%D8%A3%D9%87%D8%B1%D8%A7%D9%85%20%D9%84%D9%84%D8%A3%D8%AC%D9%87%D8%B2%D8%A9%20%D8%A7%D9%84%D9%83%D9%87%D8%B1%D8%A8%D8%A7%D8%A6%D9%8A%D8%A9%20%D9%88%20%D8%A7%D9%84%D8%A3%D8%AF%D9%88%D8%A7%D8%AA%20%D8%A7%D9%84%D9%85%D9%86%D8%B2%D9%84%D9%8A%D8%A9%20%D8%B4%D8%A7%D8%B1%D8%B9%20%D8%A7%D9%84%D9%83%D9%88%D8%A8%D8%B1%D9%8A%2C%20Qism%20Banha%2C%20Banha%2C%20Al-Qalyubia%20Governorate%2013015%2C%20Egypt,,,,,False,جوجل للأعمال / خرائط جوجل,ملف نشاط تجاري على جوجل,2026-09-18,,
39,شندى للادوات الكهربائية,🏠 الأثاث والأجهزة المنزلية,أثاث وأجهزة منزلية,,متجر أجهزة,Banha,,"Abd Allah Mohammed ATA, Qism Banha, Banha, Al-Qalyubia Governorate 6460242, Egypt",20133250240.0,,,,,,4.2,326.0,,ChIJ2znecvh1WBQRp7CW_DJnS00,https://www.جوجل.com/maps/search/?api=1&query=%D8%B4%D9%86%D8%AF%D9%89%20%D9%84%D9%84%D8%A7%D8%AF%D9%88%D8%A7%D8%AA%20%D8%A7%D9%84%D9%83%D9%87%D8%B1%D8%A8%D8%A7%D8%A6%D9%8A%D8%A9%20Abd%20Allah%20Mohammed%20ATA%2C%20Qism%20Banha%2C%20Banha%2C%20Al-Qalyubia%20Governorate%206460242%2C%20Egypt,,,,,False,جوجل للأعمال / خرائط جوجل,ملف نشاط تجاري على جوجل,2026-09-18,,
40,Our Home Furniture,🏠 الأثاث والأجهزة المنزلية,أثاث وأجهزة منزلية,أثاث,أثاث,Banha,,بجوار مستشفى الأمل,201004977739.0,,,,,,4.4,42.0,,,,,,,,False,جوجل للأعمال / خرائط جوجل,ملف نشاط تجاري على جوجل,2026-09-18,,
41,هوم فورنيتشر للأثاث,🏠 الأثاث والأجهزة المنزلية,أثاث وأجهزة منزلية,,,بنها,,منطقة مستشفى الأمل، قسم بنها,201004977739.0,,,,,,4.4,42.0,,ChIJ7QBAtVDf9xQR8gV-_8PWrpc,,,,,,لا,جوجل للأعمال / خرائط جوجل,ملف نشاط تجاري على جوجل,2026-09-18,,
42,Andalus Trading Company (Appliances),🏠 الأثاث والأجهزة المنزلية,أثاث وأجهزة منزلية,متجر أجهزة,أجهزة وأدوات منزلية,Banha,,"شركة الاندلس للاجهزه الكهربيه والمنزليه, ATA, Qism Banha, Banha, Al-Qalyubia Governorate 6460238, Egypt",201005207651.0,,,,,,3.4,9.0,,ChIJraftndjY9xQRuJPjF5PTfGc,https://www.جوجل.com/maps/search/?api=1&query=Andalus%20Trading%20Company%20%28Appliances%29%20%D8%B4%D8%B1%D9%83%D8%A9%20%D8%A7%D9%84%D8%A7%D9%86%D8%AF%D9%84%D8%B3%20%D9%84%D9%84%D8%A7%D8%AC%D9%87%D8%B2%D9%87%20%D8%A7%D9%84%D9%83%D9%87%D8%B1%D8%A8%D9%8A%D9%87%20%D9%88%D8%A7%D9%84%D9%85%D9%86%D8%B2%D9%84%D9%8A%D9%87%2C%20ATA%2C%20Qism%20Banha%2C%20Banha%2C%20Al-Qalyubia%20Governorate%206460238%2C%20Egypt,,,,,False,جوجل للأعمال / خرائط جوجل,ملف نشاط تجاري على جوجل,2026-09-18,,
43,وايت هوم للدوات المنزلية White Home,🏠 الأثاث والأجهزة المنزلية,أثاث وأجهزة منزلية,Kitchen supply store,أجهزة وأدوات منزلية,Banha,,"Qism Banha, Banha, Al-Qalyubia Governorate 6470104, Egypt",201101151561.0,,,,,,5.0,7.0,,ChIJxaPSUB3f9xQR2seKqrwJt5U,https://www.جوجل.com/maps/search/?api=1&query=%D9%88%D8%A7%D9%8A%D8%AA%20%D9%87%D9%88%D9%85%20%D9%84%D9%84%D8%AF%D9%88%D8%A7%D8%AA%20%D8%A7%D9%84%D9%85%D9%86%D8%B2%D9%84%D9%8A%D8%A9%20White%20Home%20Qism%20Banha%2C%20Banha%2C%20Al-Qalyubia%20Governorate%206470104%2C%20Egypt,,,,,False,جوجل للأعمال / خرائط جوجل,ملف نشاط تجاري على جوجل,2026-09-18,,
44,الحطاب للاثاث,🏠 الأثاث والأجهزة المنزلية,أثاث وأجهزة منزلية,متجر أثاث,أثاث,Banha,,"عمارة شركة غاز مصر, 196 شارع 4, حى, Banha 2, Al-Qalyubia Governorate 13512, Egypt",201107997979.0,,,,,,5.0,1.0,,ChIJmZpdDX3f9xQRNqXGWcOLQKA,https://www.جوجل.com/maps/search/?api=1&query=%D8%A7%D9%84%D8%AD%D8%B7%D8%A7%D8%A8%20%D9%84%D9%84%D8%A7%D8%AB%D8%A7%D8%AB%20%D8%B9%D9%85%D8%A7%D8%B1%D8%A9%20%D8%B4%D8%B1%D9%83%D8%A9%20%D8%BA%D8%A7%D8%B2%20%D9%85%D8%B5%D8%B1%2C%20196%20%D8%B4%D8%A7%D8%B1%D8%B9%204%2C%20%D8%AD%D9%89%2C%20Banha%202%2C%20Al-Qalyubia%20Governorate%2013512%2C%20Egypt,,,,,False,جوجل للأعمال / خرائط جوجل,ملف نشاط تجاري على جوجل,2026-09-18,,
46,الحطاب للأثاث,🏠 الأثاث والأجهزة المنزلية,أثاث وأجهزة منزلية,معرض أثاث,أثاث,,مدينة بنها,عمارة شركة غاز مصر - 196 شارع 4,201107997979.0,,,,,,,,,,,,,,False,False,جوجل خرائط local listing,,,,
47,الشاعر للأثاث بنها,🏠 الأثاث والأجهزة المنزلية,أثاث وأجهزة منزلية,معرض أثاث,أثاث,,مدينة بنها,كوبري الفحص - شارع الكورنيش,20133208126.0,,,,,,,,,,,,,,False,False,جوجل خرائط local listing,,,,
48,عيادة إييڤ د.هبه حافظ,🏥 العيادات والمراكز الطبية,عيادات ومراكز طبية ومستشفيات,جلدية,جلدية,Banha,,قسم بنها، بنها 2,201288090397.0,,,,,,4.7,452.0,,,,,,,,False,جوجل للأعمال / خرائط جوجل,ملف نشاط تجاري على جوجل,2026-09-18,,
49,عيادة إييڤ د.هبه حافظ افضل طبيبه امراض جلديه في بنها Dr. Heba Hafez Best Dermatologist in Banha EVE Clinic,🏥 العيادات والمراكز الطبية,عيادات ومراكز طبية ومستشفيات,Dermatologist,عيادات ومراكز طبية,Banha,,"Qism Banha, Banha 2, Al-Qalyubia Governorate 13511, Egypt",201288090397.0,,,,,,4.7,452.0,,ChIJkRoQ-YXf9xQRb7W6jVIm_3w,https://www.جوجل.com/maps/search/?api=1&query=%D8%B9%D9%8A%D8%A7%D8%AF%D8%A9%20%D8%A5%D9%8A%D9%8A%DA%A4%20%D8%AF.%D9%87%D8%A8%D9%87%20%D8%AD%D8%A7%D9%81%D8%B8%20%D8%A7%D9%81%D8%B6%D9%84%20%D8%B7%D8%A8%D9%8A%D8%A8%D9%87%20%D8%A7%D9%85%D8%B1%D8%A7%D8%B6%20%D8%AC%D9%84%D8%AF%D9%8A%D9%87%20%D9%81%D9%8A%20%D8%A8%D9%86%D9%87%D8%A7%20Dr.%20Heba%20Hafez%20Best%20Dermatologist%20in%20Banha%20EVE%20Clinic%20Qism%20Banha%2C%20Banha%202%2C%20Al-Qalyubia%20Governorate%2013511%2C%20Egypt,,,,,False,جوجل للأعمال / خرائط جوجل,ملف نشاط تجاري على جوجل,2026-09-18,,
50,Banha University Hospital,🏥 العيادات والمراكز الطبية,عيادات ومراكز طبية ومستشفيات,,University hospital,Banha,,"F5CH+4F2, El-Shaheed Farid Nada, Qism Banha, Banha 2, Al-Qalyubia Governorate 6470031, Egypt",20133231011.0,,,,,,3.5,200.0,,ChIJtxV1PlHf9xQR63J5KjkhVe8,https://www.جوجل.com/maps/search/?api=1&query=Banha%20University%20Hospital%20F5CH%2B4F2%2C%20El-Shaheed%20Farid%20Nada%2C%20Qism%20Banha%2C%20Banha%202%2C%20Al-Qalyubia%20Governorate%206470031%2C%20Egypt,,,,,False,جوجل للأعمال / خرائط جوجل,ملف نشاط تجاري على جوجل,2026-09-18,,
51,Pet planet vet clinic,🏥 العيادات والمراكز الطبية,عيادات ومراكز طبية ومستشفيات,,Veterinarian,Banha,,"Alish, Qism Banha, Banha, Al-Qalyubia Governorate 6470104, Egypt",201204624898.0,,,,,,4.7,82.0,,ChIJ5RjlJn_f9xQRewF55MIYtwE,https://www.جوجل.com/maps/search/?api=1&query=Pet%20planet%20vet%20clinic%20Alish%2C%20Qism%20Banha%2C%20Banha%2C%20Al-Qalyubia%20Governorate%206470104%2C%20Egypt,,,,,False,جوجل للأعمال / خرائط جوجل,ملف نشاط تجاري على جوجل,2026-09-18,,
52,Royal pet clinic,🏥 العيادات والمراكز الطبية,عيادات ومراكز طبية ومستشفيات,Animal hospital,Animal hospital,Banha,,"ElFahs, Banha, Al-Qalyubia Governorate 6487010, Egypt",201064595914.0,,,,,,5.0,66.0,,ChIJ57Vng6jf9xQRrn0oTqCdnHQ,https://www.جوجل.com/maps/search/?api=1&query=Royal%20pet%20clinic%20ElFahs%2C%20Banha%2C%20Al-Qalyubia%20Governorate%206487010%2C%20Egypt,,,,,False,جوجل للأعمال / خرائط جوجل,ملف نشاط تجاري على جوجل,2026-09-18,,
53,InShape Clinic Banha,🏥 العيادات والمراكز الطبية,عيادات ومراكز طبية ومستشفيات,Medical Center,عيادات ومراكز طبية,Banha,,"خلف مدرسه الشبان المسلمين, برج الياسمين فوق ماكدونالد, Al-Qalyubia Governorate 13511, Egypt",20221266800.0,,,,,,4.8,34.0,,ChIJTS2sc9nf9xQRlC3NtapTS4w,https://www.جوجل.com/maps/search/?api=1&query=InShape%20Clinic%20Banha%20%D8%AE%D9%84%D9%81%20%D9%85%D8%AF%D8%B1%D8%B3%D9%87%20%D8%A7%D9%84%D8%B4%D8%A8%D8%A7%D9%86%20%D8%A7%D9%84%D9%85%D8%B3%D9%84%D9%85%D9%8A%D9%86%2C%20%D8%A8%D8%B1%D8%AC%20%D8%A7%D9%84%D9%8A%D8%A7%D8%B3%D9%85%D9%8A%D9%86%20%D9%81%D9%88%D9%82%20%D9%85%D8%A7%D9%83%D8%AF%D9%88%D9%86%D8%A7%D9%84%D8%AF%2C%20Al-Qalyubia%20Governorate%2013511%2C%20Egypt,,,,,False,جوجل للأعمال / خرائط جوجل,ملف نشاط تجاري على جوجل,2026-09-18,,
55,Curva - Banha,👗 محلات الملابس والأحذية,ملابس وأحذية,ملابس رياضية,ملابس رياضية,Banha,,19 شارع النادي الرياضي,201033359159.0,,,,,,4.9,437.0,,,,,,,,False,جوجل للأعمال / خرائط جوجل,ملف نشاط تجاري على جوجل,2026-09-18,,
56,الصبيلي,👗 محلات الملابس والأحذية,ملابس وأحذية,,,بنها,,قسم بنها، بنها,,,,,,الجمعة 12م–6م، السبت–الخميس 10ص–10م,4.0,179.0,,ChIJLexyifp1WBQRuuYTV6-ksbc,,,,,,لا,جوجل للأعمال / خرائط جوجل,ملف نشاط تجاري على جوجل,2026-09-18,,
57,كِسوة - KESWA متجر,👗 محلات الملابس والأحذية,ملابس وأحذية,Men's clothing store,ملابس رجالي,Banha,,"شارع أمن الدولة خلف إدارة الجامعة, الأهرام, Al-Qalyubia Governorate, Egypt",,,,,,,4.1,172.0,,ChIJSRXOo1vf9xQRtDMMI0GEhB4,https://www.جوجل.com/maps/search/?api=1&query=%D9%83%D9%90%D8%B3%D9%88%D8%A9%20-%20KESWA%20متجر%20%D8%B4%D8%A7%D8%B1%D8%B9%20%D8%A3%D9%85%D9%86%20%D8%A7%D9%84%D8%AF%D9%88%D9%84%D8%A9%20%D8%AE%D9%84%D9%81%20%D8%A5%D8%AF%D8%A7%D8%B1%D8%A9%20%D8%A7%D9%84%D8%AC%D8%A7%D9%85%D8%B9%D8%A9%2C%20%D8%A7%D9%84%D8%A3%D9%87%D8%B1%D8%A7%D9%85%2C%20Al-Qalyubia%20Governorate%2C%20Egypt,,,,,False,جوجل للأعمال / خرائط جوجل,ملف نشاط تجاري على جوجل,2026-09-18,,
58,Men's Club,👗 محلات الملابس والأحذية,ملابس وأحذية,,Clothing store,Banha,,"8 fared nada, Qism Banha, Banha 2, Al-Qalyubia Governorate 6470048, Egypt",,,,,,,4.3,123.0,,ChIJ6YwUiqHf9xQRvFQPvsrR4eE,https://www.جوجل.com/maps/search/?api=1&query=Men%27s%20Club%208%20fared%20nada%2C%20Qism%20Banha%2C%20Banha%202%2C%20Al-Qalyubia%20Governorate%206470048%2C%20Egypt,,,,,False,جوجل للأعمال / خرائط جوجل,ملف نشاط تجاري على جوجل,2026-09-18,,
59,ليزر وان بنها,👗 محلات الملابس والأحذية,ملابس وأحذية,Clothing store,ملابس,Banha,,"13512, اتريب بجوار موقف بنها العمومي, Egypt",201020842557.0,,,,,,4.6,82.0,,ChIJDzpp0cff9xQR7QW_M_SIdOs,https://www.جوجل.com/maps/search/?api=1&query=%D9%84%D9%8A%D8%B2%D8%B1%20%D9%88%D8%A7%D9%86%20%D8%A8%D9%86%D9%87%D8%A7%2013512%2C%20%D8%A7%D8%AA%D8%B1%D9%8A%D8%A8%20%D8%A8%D8%AC%D9%88%D8%A7%D8%B1%20%D9%85%D9%88%D9%82%D9%81%20%D8%A8%D9%86%D9%87%D8%A7%20%D8%A7%D9%84%D8%B9%D9%85%D9%88%D9%85%D9%8A%2C%20Egypt,,,,,False,جوجل للأعمال / خرائط جوجل,ملف نشاط تجاري على جوجل,2026-09-18,,
60,Almond متجر ألموند ستور,👗 محلات الملابس والأحذية,ملابس وأحذية,Shoe store,أحذية,Banha,,"١ Wahbi, المنشية, Banha, Al-Qalyubia Governorate 13511, Egypt",201222757575.0,,,,,,4.9,10.0,,ChIJfxwzRMV1WBQRvekMdBzH8-M,https://www.جوجل.com/maps/search/?api=1&query=Almond%20متجر%20%D8%A3%D9%84%D9%85%D9%88%D9%86%D8%AF%20%D8%B3%D8%AA%D9%88%D8%B1%20%D9%A1%20Wahbi%2C%20%D8%A7%D9%84%D9%85%D9%86%D8%B4%D9%8A%D8%A9%2C%20Banha%2C%20Al-Qalyubia%20Governorate%2013511%2C%20Egypt,,,,,False,جوجل للأعمال / خرائط جوجل,ملف نشاط تجاري على جوجل,2026-09-18,,
61,زد كولكشن بنها - Z Collection Benha,👗 محلات الملابس والأحذية,ملابس وأحذية,,Women's clothing store,Banha,,"بجانب السجل المدني, بنها: الأهرام - شارع سيف, El-Nasr, Al-Qalyubia Governorate, Egypt",201205706969.0,,,,,,5.0,10.0,,ChIJ27pwqt7f9xQRJ6bdgs2D-D0,https://www.جوجل.com/maps/search/?api=1&query=%D8%B2%D8%AF%20%D9%83%D9%88%D9%84%D9%83%D8%B4%D9%86%20%D8%A8%D9%86%D9%87%D8%A7%20-%20Z%20Collection%20Benha%20%D8%A8%D8%AC%D8%A7%D9%86%D8%A8%20%D8%A7%D9%84%D8%B3%D8%AC%D9%84%20%D8%A7%D9%84%D9%85%D8%AF%D9%86%D9%8A%2C%20%D8%A8%D9%86%D9%87%D8%A7%3A%20%D8%A7%D9%84%D8%A3%D9%87%D8%B1%D8%A7%D9%85%20-%20%D8%B4%D8%A7%D8%B1%D8%B9%20%D8%B3%D9%8A%D9%81%2C%20El-Nasr%2C%20Al-Qalyubia%20Governorate%2C%20Egypt,,,,,False,جوجل للأعمال / خرائط جوجل,ملف نشاط تجاري على جوجل,2026-09-18,,
62,Pearl store,👗 محلات الملابس والأحذية,ملابس وأحذية,,Women's clothing store,Banha,,"اخر شارع فرغلي, Qism Banha, Banha 2, Al-Qalyubia Governorate 6470160, Egypt",201114135687.0,,,,,,4.5,4.0,,ChIJKUduM3bf9xQRn8HKzL9HMSA,https://www.جوجل.com/maps/search/?api=1&query=Pearl%20store%20%D8%A7%D8%AE%D8%B1%20%D8%B4%D8%A7%D8%B1%D8%B9%20%D9%81%D8%B1%D8%BA%D9%84%D9%8A%2C%20Qism%20Banha%2C%20Banha%202%2C%20Al-Qalyubia%20Governorate%206470160%2C%20Egypt,,,,,False,جوجل للأعمال / خرائط جوجل,ملف نشاط تجاري على جوجل,2026-09-18,,
63,Sama Dress,👗 محلات الملابس والأحذية,ملابس وأحذية,Women's clothing store,ملابس حريمي,Banha,,"امام إدارة الجامعه فوق اورنج, الاهرام, Qism Banha, Banha 2, Al-Qalyubia Governorate 6470048, Egypt",201557899497.0,,,,,,5.0,4.0,,ChIJH9dNOEt1WBQRcpjjSMgu6m8,https://www.جوجل.com/maps/search/?api=1&query=Sama%20Dress%20%D8%A7%D9%85%D8%A7%D9%85%20%D8%A5%D8%AF%D8%A7%D8%B1%D8%A9%20%D8%A7%D9%84%D8%AC%D8%A7%D9%85%D8%B9%D9%87%20%D9%81%D9%88%D9%82%20%D8%A7%D9%88%D8%B1%D9%86%D8%AC%2C%20%D8%A7%D9%84%D8%A7%D9%87%D8%B1%D8%A7%D9%85%2C%20Qism%20Banha%2C%20Banha%202%2C%20Al-Qalyubia%20Governorate%206470048%2C%20Egypt,,,,,False,جوجل للأعمال / خرائط جوجل,ملف نشاط تجاري على جوجل,2026-09-18,,
64,محلات دريسينج روم الفرع الثانى - ملابس حريمى Dressing room for women clothes,👗 محلات الملابس والأحذية,ملابس وأحذية,,Women's clothing store,Banha,,"كورنيش النيل - بجوار هايبر خير بلدنا - بالواجهة الجانبية للبنك الأهلى الجديد, Al-Qalyubia Governorate 13512, Egypt",201125664556.0,,,,,,4.3,4.0,,ChIJ-xNy8m_f9xQRYTHbyMP4Pwc,https://www.جوجل.com/maps/search/?api=1&query=%D9%85%D8%AD%D9%84%D8%A7%D8%AA%20%D8%AF%D8%B1%D9%8A%D8%B3%D9%8A%D9%86%D8%AC%20%D8%B1%D9%88%D9%85%20%D8%A7%D9%84%D9%81%D8%B1%D8%B9%20%D8%A7%D9%84%D8%AB%D8%A7%D9%86%D9%89%20-%20%D9%85%D9%84%D8%A7%D8%A8%D8%B3%20%D8%AD%D8%B1%D9%8A%D9%85%D9%89%20Dressing%20room%20for%20women%20clothes%20%D9%83%D9%88%D8%B1%D9%86%D9%8A%D8%B4%20%D8%A7%D9%84%D9%86%D9%8A%D9%84%20-%20%D8%A8%D8%AC%D9%88%D8%A7%D8%B1%20%D9%87%D8%A7%D9%8A%D8%A8%D8%B1%20%D8%AE%D9%8A%D8%B1%20%D8%A8%D9%84%D8%AF%D9%86%D8%A7%20-%20%D8%A8%D8%A7%D9%84%D9%88%D8%A7%D8%AC%D9%87%D8%A9%20%D8%A7%D9%84%D8%AC%D8%A7%D9%86%D8%A8%D9%8A%D8%A9%20%D9%84%D9%84%D8%A8%D9%86%D9%83%20%D8%A7%D9%84%D8%A3%D9%87%D9%84%D9%89%20%D8%A7%D9%84%D8%AC%D8%AF%D9%8A%D8%AF%2C%20Al-Qalyubia%20Governorate%2013512%2C%20Egypt,,,,,False,جوجل للأعمال / خرائط جوجل,ملف نشاط تجاري على جوجل,2026-09-18,,
65,Brazily store,👗 محلات الملابس والأحذية,ملابس وأحذية,,Clothing store,Banha,,"F5HP+863, Qism Banha, Banha, Al-Qalyubia Governorate 6470190, Egypt",201031199037.0,,,,,,5.0,2.0,,ChIJjfjOBADf9xQR3RsOYzwQ_rk,https://www.جوجل.com/maps/search/?api=1&query=Brazily%20store%20F5HP%2B863%2C%20Qism%20Banha%2C%20Banha%2C%20Al-Qalyubia%20Governorate%206470190%2C%20Egypt,,,,,False,جوجل للأعمال / خرائط جوجل,ملف نشاط تجاري على جوجل,2026-09-18,,
66,TM.men’s wear,👗 محلات الملابس والأحذية,ملابس وأحذية,ملابس رجالي,ملابس رجالي,Banha,,قسم بنها,201093411002.0,,,,,,5.0,1.0,,,,,,,,False,جوجل للأعمال / خرائط جوجل,ملف نشاط تجاري على جوجل,2026-09-18,,
67,إيليت لتأجير بدل رجالي وأطفال,👗 محلات الملابس والأحذية,ملابس وأحذية,,,بنها,,بجوار كافيتريا الفيشاوي، أول شارع يمين متفرع من شارع عجيبة,201044007723.0,,,,,,5.0,1.0,,ChIJUVuSY0Tf9xQR-BtHS4mo61o,,,,,,لا,جوجل للأعمال / خرائط جوجل,ملف نشاط تجاري على جوجل,2026-09-18,,
68,A1,👗 محلات الملابس والأحذية,ملابس وأحذية,ملابس,,,مدينة بنها,"19 El Modereya St., Banha",,,,,,,,,,,,,,,False,False,Egypt Yellow Pages,,2026-09-18,,
69,Abou El Dahab,👗 محلات الملابس والأحذية,ملابس وأحذية,ملابس,,,مدينة بنها,"El Modereya St., Banha",,,,,,,,,,,,,,,False,False,Egypt Yellow Pages,,2026-09-18,,
70,Abou Sherif,👗 محلات الملابس والأحذية,ملابس وأحذية,ملابس,,,مدينة بنها,"Ata St., Banha",,,,,,,,,,,,,,,False,False,Egypt Yellow Pages,,2026-09-18,,
71,Abou Youssef,👗 محلات الملابس والأحذية,ملابس وأحذية,ملابس,,,مدينة بنها,"9 Atta St., Banha",,,,,,,,,,,,,,,False,False,Egypt Yellow Pages,,2026-09-18,,
72,Activ Abou Alaa,👗 محلات الملابس والأحذية,ملابس وأحذية,ملابس,,,مدينة بنها,"El Shaheed Farid Nada St., Banha",,,,,,,,,,,,,,,False,False,Egypt Yellow Pages,,2026-09-18,,
73,Adham,👗 محلات الملابس والأحذية,ملابس وأحذية,ملابس,,,مدينة بنها,"El Modereya St., Banha",,,,,,,,,,,,,,,False,False,Egypt Yellow Pages,,2026-09-18,,
74,Africa متجر For Clothes,👗 محلات الملابس والأحذية,ملابس وأحذية,ملابس,,,مدينة بنها,"El Nagdah St., Banha",,,,,,,,,,,,,,,False,False,Egypt Yellow Pages,,2026-09-18,,
75,Ahbab El Rahman,👗 محلات الملابس والأحذية,ملابس وأحذية,ملابس,,,مدينة بنها,"El Far St., Banha",,,,,,,,,,,,,,,False,False,Egypt Yellow Pages,,2026-09-18,,
76,Ahmed Fashion,👗 محلات الملابس والأحذية,ملابس وأحذية,ملابس,,,مدينة بنها,"El Far St., Banha",,,,,,,,,,,,,,,False,False,Egypt Yellow Pages,,2026-09-18,,
77,Akher El Anqoud,👗 محلات الملابس والأحذية,ملابس وأحذية,ملابس,,,مدينة بنها,"Mostafa Kamel St., Banha",,,,,,,,,,,,,,,False,False,Egypt Yellow Pages,,2026-09-18,,
78,Alafranca,👗 محلات الملابس والأحذية,ملابس وأحذية,ملابس,,,مدينة بنها,"Ata St., Banha",,,,,,,,,,,,,,,False,False,Egypt Yellow Pages,,2026-09-18,,
79,Aldo For Clothes,👗 محلات الملابس والأحذية,ملابس وأحذية,ملابس,,,مدينة بنها,"25 El Kobry St., Banha",,,,,,,,,,,,,,,False,False,Egypt Yellow Pages,,2026-09-18,,
80,Anwar Zeinhom,👗 محلات الملابس والأحذية,ملابس وأحذية,ملابس,,,مدينة بنها,"Bata Alley, Banha",,,,,,,,,,,,,,,False,False,Egypt Yellow Pages,,2026-09-18,,
81,Arac,👗 محلات الملابس والأحذية,ملابس وأحذية,ملابس,,,مدينة بنها,"Nady Banha El Riady St., Banha",,,,,,,,,,,,,,,False,False,Egypt Yellow Pages,,2026-09-18,,
82,Arkadia For Clothes,👗 محلات الملابس والأحذية,ملابس وأحذية,ملابس,,,مدينة بنها,"19 El Modereya St., Banha",,,,,,,,,,,,,,,False,False,Egypt Yellow Pages,,2026-09-18,,
83,Arkedia 1,👗 محلات الملابس والأحذية,ملابس وأحذية,ملابس,,,مدينة بنها,"El Modereya St., Banha",,,,,,,,,,,,,,,False,False,Egypt Yellow Pages,,2026-09-18,,
84,Arzaq,👗 محلات الملابس والأحذية,ملابس وأحذية,ملابس,,,مدينة بنها,"El Far St., Banha",,,,,,,,,,,,,,,False,False,Egypt Yellow Pages,,2026-09-18,,
85,Asaar Zaman,👗 محلات الملابس والأحذية,ملابس وأحذية,ملابس,,,مدينة بنها,"Bata Alley, Banha",,,,,,,,,,,,,,,False,False,Egypt Yellow Pages,,2026-09-18,,
86,Awladna,👗 محلات الملابس والأحذية,ملابس وأحذية,ملابس,,,مدينة بنها,"Maqsoud St., Banha",,,,,,,,,,,,,,,False,False,Egypt Yellow Pages,,2026-09-18,,
87,Aya,👗 محلات الملابس والأحذية,ملابس وأحذية,ملابس,,,مدينة بنها,"El Modereya St., Banha",,,,,,,,,,,,,,,False,False,Egypt Yellow Pages,,2026-09-18,,
88,Azura For Clothes,👗 محلات الملابس والأحذية,ملابس وأحذية,ملابس,,,مدينة بنها,"1 Ibrahim El Noury St., Banha",,,,,,,,,,,,,,,False,False,Egypt Yellow Pages,,2026-09-18,,
89,Eclipse,👗 محلات الملابس والأحذية,ملابس وأحذية,ملابس,,,مدينة بنها,"Farid Nada St., Banha",,,,,,,,,,,,,,,False,False,Egypt Yellow Pages,,2026-09-18,,
90,El Akkad,👗 محلات الملابس والأحذية,ملابس وأحذية,ملابس,,,مدينة بنها,"Ata St., Banha",,,,,,,,,,,,,,,False,False,Egypt Yellow Pages,,2026-09-18,,
92,El Amir Hussein,👗 محلات الملابس والأحذية,ملابس وأحذية,ملابس,,,مدينة بنها,"Koleyet El Tegara St., Banha",,,,,,,,,,,,,,,False,False,Egypt Yellow Pages,,2026-09-18,,
93,El Ariny,👗 محلات الملابس والأحذية,ملابس وأحذية,ملابس,,,مدينة بنها,"Ata St., Banha",,,,,,,,,,,,,,,False,False,Egypt Yellow Pages,,2026-09-18,,
94,El Atiq Sons,👗 محلات الملابس والأحذية,ملابس وأحذية,ملابس,,,مدينة بنها,"Ata St., Banha",,,,,,,,,,,,,,,False,False,Egypt Yellow Pages,,2026-09-18,,
95,El Boushy Sons,👗 محلات الملابس والأحذية,ملابس وأحذية,ملابس,,,مدينة بنها,"El Far St., Banha",,,,,,,,,,,,,,,False,False,Egypt Yellow Pages,,2026-09-18,,
96,El Dalouaa,👗 محلات الملابس والأحذية,ملابس وأحذية,ملابس,,,مدينة بنها,"El Kobry St., Banha",,,,,,,,,,,,,,,False,False,Egypt Yellow Pages,,2026-09-18,,
97,El Fanar,👗 محلات الملابس والأحذية,ملابس وأحذية,ملابس,,,مدينة بنها,"Saad Zaghloul St., Banha",,,,,,,,,,,,,,,False,False,Egypt Yellow Pages,,2026-09-18,,
98,El Fangary,👗 محلات الملابس والأحذية,ملابس وأحذية,ملابس,,,مدينة بنها,"Saad Zaghloul St., Banha",,,,,,,,,,,,,,,False,False,Egypt Yellow Pages,,2026-09-18,,
99,El Fares For Clothes,👗 محلات الملابس والأحذية,ملابس وأحذية,ملابس,,,مدينة بنها,"9 Atta St., Banha",,,,,,,,,,,,,,,False,False,Egypt Yellow Pages,,2026-09-18,,
100,El Gawhara,👗 محلات الملابس والأحذية,ملابس وأحذية,ملابس,,,مدينة بنها,"Ata St., Banha",,,,,,,,,,,,,,,False,False,Egypt Yellow Pages,,2026-09-18,,
101,El Ghaly,👗 محلات الملابس والأحذية,ملابس وأحذية,ملابس,,,مدينة بنها,"39 Saad Zaghloul St., Banha",,,,,,,,,,,,,,,False,False,Egypt Yellow Pages,,2026-09-18,,
102,El Gharib,👗 محلات الملابس والأحذية,ملابس وأحذية,ملابس,,,مدينة بنها,"Ata St., Banha",,,,,,,,,,,,,,,False,False,Egypt Yellow Pages,,2026-09-18,,
103,El Ghobashy,👗 محلات الملابس والأحذية,ملابس وأحذية,ملابس,,,مدينة بنها,"Maqsoud St., Banha",,,,,,,,,,,,,,,False,False,Egypt Yellow Pages,,2026-09-18,,
104,El Gohary,👗 محلات الملابس والأحذية,ملابس وأحذية,ملابس,,,مدينة بنها,"Ata St., Banha",,,,,,,,,,,,,,,False,False,Egypt Yellow Pages,,2026-09-18,,
105,El Halawany,👗 محلات الملابس والأحذية,ملابس وأحذية,ملابس,,,مدينة بنها,"Gamil St., Banha",,,,,,,,,,,,,,,False,False,Egypt Yellow Pages,,2026-09-18,,
106,El Hegaz For Clothes,👗 محلات الملابس والأحذية,ملابس وأحذية,ملابس,,,مدينة بنها,"26 El Shemout St., Mansheyet El Nour, Banha",,,,,,,,,,,,,,,False,False,Egypt Yellow Pages,,2026-09-18,,
107,El Horra,👗 محلات الملابس والأحذية,ملابس وأحذية,ملابس,,,مدينة بنها,"El Modereya St., Banha",,,,,,,,,,,,,,,False,False,Egypt Yellow Pages,,2026-09-18,,
109,مركز جلو دكتورة مروه شديد,💄 مراكز التجميل والكوافير,تجميل وكوافير,مركز طبي/جلدية وتجميل,مركز طبي/جلدية وتجميل,Banha,,عبد الموجود، قسم بنها,201032757742.0,,,,,,4.9,254.0,,,,,,,,False,جوجل للأعمال / خرائط جوجل,ملف نشاط تجاري على جوجل,2026-09-18,,
110,Beautystation Banha Branch,💄 مراكز التجميل والكوافير,تجميل وكوافير,صالون تجميل,صالون تجميل,Banha,,مستشفى الأمل، برج الإمام,201000148349.0,,,,,,4.9,45.0,,,,,,,,False,جوجل للأعمال / خرائط جوجل,ملف نشاط تجاري على جوجل,2026-09-18,,
111,بيوتي ستيشن فرع بنها,💄 مراكز التجميل والكوافير,تجميل وكوافير,,,بنها,,مستشفى الأمل، برج الإمام,201000148349.0,,,,,الجمعة 1م–9م، السبت–الخميس 12م–9م,4.9,45.0,,ChIJhS1hC67f9xQRurOTtlTdogY,,,,,,لا,جوجل للأعمال / خرائط جوجل,ملف نشاط تجاري على جوجل,2026-09-18,,
112,Glitter Beauty Salon,💄 مراكز التجميل والكوافير,تجميل وكوافير,صالون تجميل,صالون تجميل,Banha,,خلف مكتب بريد أول,201001458062.0,,,,,,5.0,1.0,,,,,,,,False,جوجل للأعمال / خرائط جوجل,ملف نشاط تجاري على جوجل,2026-09-18,,
114,مركز جلو د. مروة شديد,💄 مراكز التجميل والكوافير,تجميل وكوافير,مركز طبي,جلدية وتجميل وليزر,,مدينة بنها,عبد الموجود,201032757742.0,,,,,,,,,,,,,,False,False,جوجل خرائط local listing,,,,
115,تيب توب للحلاقة,💇 الحلاقين ومراكز العناية,حلاقة وعناية رجالية,,,بنها,,سيف النصر، قسم بنها، بنها,201200343400.0,,,,,مفتوح 24 ساعة,4.4,80.0,,ChIJJ-Ax2Vrf9xQR5MLx2ll5mYs,,,,,,لا,جوجل للأعمال / خرائط جوجل,ملف نشاط تجاري على جوجل,2026-09-18,,
116,صيدليات العماوي,💊 الصيدليات,صيدليات,صيدلية,صيدلية,Banha,,كفر الجزار,201020043067.0,,,,,,4.3,63.0,,,,,,,,False,جوجل للأعمال / خرائط جوجل,ملف نشاط تجاري على جوجل,2026-09-18,,
117,صيدلية د/محمد طلعت بنها,💊 الصيدليات,صيدليات,صيدلية,صيدلية,Banha,,شارع سعد زغلول، أول شارع الصاغة,201040011806.0,,,,,,5.0,26.0,,,,,,,,False,جوجل للأعمال / خرائط جوجل,ملف نشاط تجاري على جوجل,2026-09-18,,
118,Misr Pharmacies - Banha Branch,💊 الصيدليات,صيدليات,صيدلية,صيدليات,Banha,,"امام ادارة جامعة بنها, شارع El-Shaheed Farid Nada, Qism Banha, Banha 2, Al-Qalyubia Governorate 6470048, Egypt",20225476106.0,,,,,,4.2,21.0,,ChIJw73aA2Lf9xQRlShmi7JBL6c,https://www.جوجل.com/maps/search/?api=1&query=Misr%20Pharmacies%20-%20Banha%20Branch%20%D8%A7%D9%85%D8%A7%D9%85%20%D8%A7%D8%AF%D8%A7%D8%B1%D8%A9%20%D8%AC%D8%A7%D9%85%D8%B9%D8%A9%20%D8%A8%D9%86%D9%87%D8%A7%2C%20%D8%B4%D8%A7%D8%B1%D8%B9%20El-Shaheed%20Farid%20Nada%2C%20Qism%20Banha%2C%20Banha%202%2C%20Al-Qalyubia%20Governorate%206470048%2C%20Egypt,,,,,False,جوجل للأعمال / خرائط جوجل,ملف نشاط تجاري على جوجل,2026-09-18,,
120,مركز موافي للأدوية البيطرية ومستلزمات الدواجن,💊 الصيدليات,صيدليات,Veterinary pharmacy,صيدليات,Banha,,"Banha - Zagazig Rd, Qism Banha, Banha, Al-Qalyubia Governorate 6462101, Egypt",201288762762.0,,,,,,4.3,3.0,,ChIJxRfhYgB1WBQRrsgOFtF9e1o,https://www.جوجل.com/maps/search/?api=1&query=%D9%85%D8%B1%D9%83%D8%B2%20%D9%85%D9%88%D8%A7%D9%81%D9%8A%20%D9%84%D9%84%D8%A3%D8%AF%D9%88%D9%8A%D8%A9%20%D8%A7%D9%84%D8%A8%D9%8A%D8%B7%D8%B1%D9%8A%D8%A9%20%D9%88%D9%85%D8%B3%D8%AA%D9%84%D8%B2%D9%85%D8%A7%D8%AA%20%D8%A7%D9%84%D8%AF%D9%88%D8%A7%D8%AC%D9%86%20Banha%20-%20Zagazig%20Rd%2C%20Qism%20Banha%2C%20Banha%2C%20Al-Qalyubia%20Governorate%206462101%2C%20Egypt,,,,,False,جوجل للأعمال / خرائط جوجل,ملف نشاط تجاري على جوجل,2026-09-18,,
122,صيدلية العماوي,💊 الصيدليات,صيدليات,صيدلية,صيدليات,,كفر الجزار,كفر الجزار - بنها,,,,,,,,,,,,,,,False,False,Shewaya,,,,
123,صيدلية د سعيد العطار,💊 الصيدليات,صيدليات,صيدلية,صيدليات,,كفر الجزار,بنها - كفر الجزار,20133100691.0,,,,,,,,,,,,,,False,False,Bizmideast,,,,
124,صيدلية د. احمد عاطف النجار,💊 الصيدليات,صيدليات,صيدلية,صيدليات,,كفر الجزار,خلف هيئة النيابة الإدارية,,,,,,,,,,,,,,,False,False,Yellow Pages Egypt,,,,
126,Eagles for Training & Translation,📚 مراكز التعليم والدروس,تعليم وتدريب,Training center,تعليم وتدريب,Banha,,"Koleyet Al Tegara, Qism Banha, Banha 2, Al-Qalyubia Governorate 6470240, Egypt",201006070044.0,,,,,,5.0,7.0,,ChIJ666krz3f9xQRzqS1DR2CutA,https://www.جوجل.com/maps/search/?api=1&query=Eagles%20for%20Training%20%26%20Translation%20Koleyet%20Al%20Tegara%2C%20Qism%20Banha%2C%20Banha%202%2C%20Al-Qalyubia%20Governorate%206470240%2C%20Egypt,,,,,False,جوجل للأعمال / خرائط جوجل,ملف نشاط تجاري على جوجل,2026-09-18,,
127,آي ليرن مركز تعليمي,📚 مراكز التعليم والدروس,تعليم وتدريب,,,بنها,,كورنيش النيل، كفر سعد,,,,,,,5.0,3.0,,ChIJfwNgvGHf9xQRIlScRQQJyko,,,,,,لا,جوجل للأعمال / خرائط جوجل,ملف نشاط تجاري على جوجل,2026-09-18,,
128,سنتر تعليمي,📚 مراكز التعليم والدروس,تعليم وتدريب,Private tutor,تعليم وتدريب,Banha,,"Street 9, Qism Banha, Banha 2, Al-Qalyubia Governorate 6470128, Egypt",201066841044.0,,,,,,5.0,1.0,,ChIJR9e4h1rf9xQRgs_uAvk2hfY,https://www.جوجل.com/maps/search/?api=1&query=%D8%B3%D9%86%D8%AA%D8%B1%20%D8%AA%D8%B9%D9%84%D9%8A%D9%85%D9%8A%20Street%209%2C%20Qism%20Banha%2C%20Banha%202%2C%20Al-Qalyubia%20Governorate%206470128%2C%20Egypt,,,,,False,جوجل للأعمال / خرائط جوجل,ملف نشاط تجاري على جوجل,2026-09-18,,
129,Al-Alamiya Modern School International,📚 مراكز التعليم والدروس,تعليم وتدريب,مدرسة دولية,مدرسة دولية,Banha,,"Kafr Saad, Banha, Al-Qalyubia Governorate 6487402, Egypt",201010630640.0,,,,,,,,,ChIJlxSOLRnf9xQRkGm5BEbE3I4,https://www.جوجل.com/maps/search/?api=1&query=Al-Alamiya%20Modern%20School%20International%20Kafr%20Saad%2C%20Banha%2C%20Al-Qalyubia%20Governorate%206487402%2C%20Egypt,,,,,False,جوجل للأعمال / خرائط جوجل,ملف نشاط تجاري على جوجل,2026-09-18,,
130,American Egyptian Academy,📚 مراكز التعليم والدروس,تعليم وتدريب,مركز تعليمي,تعليم وتدريب,,مدينة بنها,كلية التجارة,201093390796.0,,,,,,,,,,,,,,False,False,جوجل خرائط local listing,,,,
131,سنتر المعلم,📚 مراكز التعليم والدروس,تعليم وتدريب,مركز تعليمي,تعليم ودروس,,بطا - مركز بنها,,201022035406.0,,,,,,,,,,,,,,False,False,جوجل خرائط local listing,,,,
132,Orange,📱 محلات الموبايلات والإلكترونيات,موبايلات وإلكترونيات وكمبيوتر,,Cell phone store,Banha,,"Shop # 2/3, 5 Farid Nada St, Qism Banha, Banha 2, Al-Qalyubia Governorate 6470124, Egypt",201223202020.0,,,,,,4.0,446.0,,ChIJ1foxgVDf9xQRSPmg8E2OK2Q,https://www.جوجل.com/maps/search/?api=1&query=Orange%20Shop%20%23%202/3%2C%205%20Farid%20Nada%20St%2C%20Qism%20Banha%2C%20Banha%202%2C%20Al-Qalyubia%20Governorate%206470124%2C%20Egypt,,,,,False,جوجل للأعمال / خرائط جوجل,ملف نشاط تجاري على جوجل,2026-09-18,,
134,توكيل محمول بنها,📱 محلات الموبايلات والإلكترونيات,موبايلات وإلكترونيات وكمبيوتر,Mobile phone repair shop,موبايلات واتصالات,Banha,,"اعلي كشري هند, اول Wabour Al Talg, Qism Banha, Banha, Al-Qalyubia Governorate 6460301, Egypt",201006264369.0,,,,,,4.9,253.0,,ChIJwTqQJEN1WBQRqSLctvC-9Bg,https://www.جوجل.com/maps/search/?api=1&query=%D8%AA%D9%88%D9%83%D9%8A%D9%84%20%D9%85%D8%AD%D9%85%D9%88%D9%84%20%D8%A8%D9%86%D9%87%D8%A7%20%D8%A7%D8%B9%D9%84%D9%8A%20%D9%83%D8%B4%D8%B1%D9%8A%20%D9%87%D9%86%D8%AF%2C%20%D8%A7%D9%88%D9%84%20Wabour%20Al%20Talg%2C%20Qism%20Banha%2C%20Banha%2C%20Al-Qalyubia%20Governorate%206460301%2C%20Egypt,,,,,False,جوجل للأعمال / خرائط جوجل,ملف نشاط تجاري على جوجل,2026-09-18,,
135,HUAWEI Experience متجر Nile View Mall Banha,📱 محلات الموبايلات والإلكترونيات,موبايلات وإلكترونيات وكمبيوتر,إلكترونيات وموبايلات,إلكترونيات وموبايلات,Banha,,كمال الدين حسين,201224195976.0,,,,,,5.0,233.0,,,,,,,,False,جوجل للأعمال / خرائط جوجل,ملف نشاط تجاري على جوجل,2026-09-18,,
136,شركة النور للكمبيوتر وأنظمة المراقبه,📱 محلات الموبايلات والإلكترونيات,موبايلات وإلكترونيات وكمبيوتر,,Electronics store,Banha,,"متفرع من ترعة النيل، قسم بنها، قسم بنها ٥ . أ عمارات أحمد مصطفى متفرع من, Teraad Al Nil, Banha, Al-Qalyubia Governorate 13512, Egypt",201090718050.0,,,,,,4.8,89.0,,ChIJWZKy6E_f9xQRs8o87uUbkfg,https://www.جوجل.com/maps/search/?api=1&query=%D8%B4%D8%B1%D9%83%D8%A9%20%D8%A7%D9%84%D9%86%D9%88%D8%B1%20%D9%84%D9%84%D9%83%D9%85%D8%A8%D9%8A%D9%88%D8%AA%D8%B1%20%D9%88%D8%A3%D9%86%D8%B8%D9%85%D8%A9%20%D8%A7%D9%84%D9%85%D8%B1%D8%A7%D9%82%D8%A8%D9%87%20%D9%85%D8%AA%D9%81%D8%B1%D8%B9%20%D9%85%D9%86%20%D8%AA%D8%B1%D8%B9%D8%A9%20%D8%A7%D9%84%D9%86%D9%8A%D9%84%D8%8C%20%D9%82%D8%B3%D9%85%20%D8%A8%D9%86%D9%87%D8%A7%D8%8C%20%D9%82%D8%B3%D9%85%20%D8%A8%D9%86%D9%87%D8%A7%20%D9%A5%20.%20%D8%A3%20%D8%B9%D9%85%D8%A7%D8%B1%D8%A7%D8%AA%20%D8%A3%D8%AD%D9%85%D8%AF%20%D9%85%D8%B5%D8%B7%D9%81%D9%89%20%D9%85%D8%AA%D9%81%D8%B1%D8%B9%20%D9%85%D9%86%2C%20Teraad%20Al%20Nil%2C%20Banha%2C%20Al-Qalyubia%20Governorate%2013512%2C%20Egypt,,,,,False,جوجل للأعمال / خرائط جوجل,ملف نشاط تجاري على جوجل,2026-09-18,,
137,شركة الشروق للكمبيوتر والطابعات وكاميرات المراقبة,📱 محلات الموبايلات والإلكترونيات,موبايلات وإلكترونيات وكمبيوتر,,Computer support and services,Banha,,"بجانب بورصة المحمول, شارع فريد ندا امام مستشفى الايمان الخيرى, Al-Qalyubia Governorate, Egypt",201024335535.0,,,,,,4.2,54.0,,ChIJi-Uji1rf9xQR_UVVnfkxr1M,https://www.جوجل.com/maps/search/?api=1&query=%D8%B4%D8%B1%D9%83%D8%A9%20%D8%A7%D9%84%D8%B4%D8%B1%D9%88%D9%82%20%D9%84%D9%84%D9%83%D9%85%D8%A8%D9%8A%D9%88%D8%AA%D8%B1%20%D9%88%D8%A7%D9%84%D8%B7%D8%A7%D8%A8%D8%B9%D8%A7%D8%AA%20%D9%88%D9%83%D8%A7%D9%85%D9%8A%D8%B1%D8%A7%D8%AA%20%D8%A7%D9%84%D9%85%D8%B1%D8%A7%D9%82%D8%A8%D8%A9%20%D8%A8%D8%AC%D8%A7%D9%86%D8%A8%20%D8%A8%D9%88%D8%B1%D8%B5%D8%A9%20%D8%A7%D9%84%D9%85%D8%AD%D9%85%D9%88%D9%84%2C%20%D8%B4%D8%A7%D8%B1%D8%B9%20%D9%81%D8%B1%D9%8A%D8%AF%20%D9%86%D8%AF%D8%A7%20%D8%A7%D9%85%D8%A7%D9%85%20%D9%85%D8%B3%D8%AA%D8%B4%D9%81%D9%89%20%D8%A7%D9%84%D8%A7%D9%8A%D9%85%D8%A7%D9%86%20%D8%A7%D9%84%D8%AE%D9%8A%D8%B1%D9%89%2C%20Al-Qalyubia%20Governorate%2C%20Egypt,,,,,False,جوجل للأعمال / خرائط جوجل,ملف نشاط تجاري على جوجل,2026-09-18,,
138,Dubai Phone - Banha,📱 محلات الموبايلات والإلكترونيات,موبايلات وإلكترونيات وكمبيوتر,Cell phone store,موبايلات واتصالات,Banha,,"Qism Banha, Banha, Al-Qalyubia Governorate 6460241, Egypt",201109573724.0,,,,,,4.9,53.0,,ChIJZ6bJXwDf9xQR8rf5brcKyIo,https://www.جوجل.com/maps/search/?api=1&query=Dubai%20Phone%20-%20Banha%20Qism%20Banha%2C%20Banha%2C%20Al-Qalyubia%20Governorate%206460241%2C%20Egypt,,,,,False,جوجل للأعمال / خرائط جوجل,ملف نشاط تجاري على جوجل,2026-09-18,,
140,Mobile Station,📱 محلات الموبايلات والإلكترونيات,موبايلات وإلكترونيات وكمبيوتر,موبايلات,موبايلات,Banha,,F59J+58H، الشبان المسلمين,201020018148.0,,,,,,4.0,24.0,,,,,,,,False,جوجل للأعمال / خرائط جوجل,ملف نشاط تجاري على جوجل,2026-09-18,,
141,الجزار موبايل استور,📱 محلات الموبايلات والإلكترونيات,موبايلات وإلكترونيات وكمبيوتر,,Cell phone store,Banha,,"23a الشهيد فريد ندا، قسم بنها، بنها، القليوبية 13512, Egypt",201020000344.0,,,,,,5.0,17.0,,ChIJXSAj5ITf9xQRS7HIZjFK2YI,https://www.جوجل.com/maps/search/?api=1&query=%D8%A7%D9%84%D8%AC%D8%B2%D8%A7%D8%B1%20%D9%85%D9%88%D8%A8%D8%A7%D9%8A%D9%84%20%D8%A7%D8%B3%D8%AA%D9%88%D8%B1%2023a%20%D8%A7%D9%84%D8%B4%D9%87%D9%8A%D8%AF%20%D9%81%D8%B1%D9%8A%D8%AF%20%D9%86%D8%AF%D8%A7%D8%8C%20%D9%82%D8%B3%D9%85%20%D8%A8%D9%86%D9%87%D8%A7%D8%8C%20%D8%A8%D9%86%D9%87%D8%A7%D8%8C%20%D8%A7%D9%84%D9%82%D9%84%D9%8A%D9%88%D8%A8%D9%8A%D8%A9%2013512%2C%20Egypt,,,,,False,جوجل للأعمال / خرائط جوجل,ملف نشاط تجاري على جوجل,2026-09-18,,
143,International British Institute of Languages ​​and Computer,📱 محلات الموبايلات والإلكترونيات,موبايلات وإلكترونيات وكمبيوتر,Language school,تعليم وتدريب,Banha,,"6 El-Shaheed Farid Nada, قسم, Banha 2, Al-Qalyubia Governorate 6470045, Egypt",201129080334.0,,,,,,4.5,11.0,,ChIJs3YXD1vf9xQRg-OaznBJkPs,https://www.جوجل.com/maps/search/?api=1&query=International%20British%20Institute%20of%20Languages%20%E2%80%8B%E2%80%8Band%20Computer%206%20El-Shaheed%20Farid%20Nada%2C%20%D9%82%D8%B3%D9%85%2C%20Banha%202%2C%20Al-Qalyubia%20Governorate%206470045%2C%20Egypt,,,,,False,جوجل للأعمال / خرائط جوجل,ملف نشاط تجاري على جوجل,2026-09-18,,
144,شركة المصرية لمستلزمات الكمبيوتر واللاب توب,📱 محلات الموبايلات والإلكترونيات,موبايلات وإلكترونيات وكمبيوتر,Computer store,كمبيوتر وإلكترونيات,Banha,,"Ibn Kamar, Qism Banha, Banha, Al-Qalyubia Governorate 6460185, Egypt",201030206792.0,,,,,,3.1,9.0,,ChIJC9RFyU91WBQRtsjuMV-pRpM,https://www.جوجل.com/maps/search/?api=1&query=%D8%B4%D8%B1%D9%83%D8%A9%20%D8%A7%D9%84%D9%85%D8%B5%D8%B1%D9%8A%D8%A9%20%D9%84%D9%85%D8%B3%D8%AA%D9%84%D8%B2%D9%85%D8%A7%D8%AA%20%D8%A7%D9%84%D9%83%D9%85%D8%A8%D9%8A%D9%88%D8%AA%D8%B1%20%D9%88%D8%A7%D9%84%D9%84%D8%A7%D8%A8%20%D8%AA%D9%88%D8%A8%20Ibn%20Kamar%2C%20Qism%20Banha%2C%20Banha%2C%20Al-Qalyubia%20Governorate%206460185%2C%20Egypt,,,,,False,جوجل للأعمال / خرائط جوجل,ملف نشاط تجاري على جوجل,2026-09-18,,
147,NG متجر,📱 محلات الموبايلات والإلكترونيات,موبايلات وإلكترونيات وكمبيوتر,إلكترونيات,إلكترونيات,,مدينة بنها,أمام مدرسة ناصر - بنها/كفر الجزار,201145484684.0,,,,,,,,,,,,,,False,False,جوجل خرائط local listing,,,,
148,شركة النور للكمبيوتر وأنظمة المراقبة,📱 محلات الموبايلات والإلكترونيات,موبايلات وإلكترونيات وكمبيوتر,محل إلكترونيات,كمبيوتر ومراقبة,,مدينة بنها,متفرع من ترعة النيل - عمارات أحمد مصطفى,201090718050.0,,,,,,,,,,,,,,False,False,جوجل خرائط local listing,,,,
149,شركة بنها للصناعات الإلكترونية,📱 محلات الموبايلات والإلكترونيات,موبايلات وإلكترونيات وكمبيوتر,شركة/مصنع,إلكترونيات,,مدينة بنها,الشهيد فريد ندا,201004020595.0,,,,,,,,,,,,,,False,False,جوجل خرائط local listing,,,,
150,محمد عبد الرؤوف لقطع غيار السيارات,🚗 السيارات وقطع الغيار والخدمات المتعلقة بها,سيارات وقطع غيار وصيانة,,,بنها,,أبو العز، قسم بنها,201008303031.0,,,,,الجمعة 11:30ص–10م، السبت–الخميس 10ص–10م,4.1,126.0,,ChIJ4wl40FLf9xQR9fb6-NN7mB4,,,,,,لا,جوجل للأعمال / خرائط جوجل,ملف نشاط تجاري على جوجل,2026-09-18,,
151,Cars Royal Services,🚗 السيارات وقطع الغيار والخدمات المتعلقة بها,سيارات وقطع غيار وصيانة,,Chauffeur service,Banha,,"F59H+CHW, El-Amal Hospital, ST, Banha 2, Al-Qalyubia Governorate 6470031, Egypt",201000954600.0,,,,,,4.1,111.0,,ChIJA4T50Vbf9xQRLScrA5g84W0,https://www.جوجل.com/maps/search/?api=1&query=Cars%20Royal%20Services%20F59H%2BCHW%2C%20El-Amal%20Hospital%2C%20ST%2C%20Banha%202%2C%20Al-Qalyubia%20Governorate%206470031%2C%20Egypt,,,,,False,جوجل للأعمال / خرائط جوجل,ملف نشاط تجاري على جوجل,2026-09-18,,
152,أوتو نصار,🚗 السيارات وقطع الغيار والخدمات المتعلقة بها,سيارات وقطع غيار وصيانة,,,بنها,,خلف المدرسة، قسم بنها,201221098244.0,,,,,,4.4,45.0,,ChIJ5aT0Cq_f9xQRDHvA2UC6e60,,,,,,لا,جوجل للأعمال / خرائط جوجل,ملف نشاط تجاري على جوجل,2026-09-18,,
153,اوتو نصار Auto Nassar,🚗 السيارات وقطع الغيار والخدمات المتعلقة بها,سيارات وقطع غيار وصيانة,صيانة سيارات,صيانة سيارات,Banha,,F56R+J74 خلف المدرسة,201221098244.0,,,,,,4.4,45.0,,,,,,,,False,جوجل للأعمال / خرائط جوجل,ملف نشاط تجاري على جوجل,2026-09-18,,
154,مركز المهندس لخدمات السيارات,🚗 السيارات وقطع الغيار والخدمات المتعلقة بها,سيارات وقطع غيار وصيانة,صيانة سيارات,صيانة سيارات,Banha,,مدخل عزبة البرنس، أمام بوابة مصنع,201212050319.0,,,,,,4.1,10.0,,,,,,,,False,جوجل للأعمال / خرائط جوجل,ملف نشاط تجاري على جوجل,2026-09-18,,
155,Auto Blue Car Care,🚗 السيارات وقطع الغيار والخدمات المتعلقة بها,سيارات وقطع غيار وصيانة,غسيل سيارات,سيارات وخدمات,,مدينة بنها,ترعة النيل,,,,,,,,,,,,,,,False,False,جوجل خرائط local listing,,,,
156,Care & Cure For Physiotherapy,🚗 السيارات وقطع الغيار والخدمات المتعلقة بها,سيارات وقطع غيار وصيانة,أطباء وعيادات,,,مدينة بنها,"10 Salah El Din St., Banha",,,,,,,,,,,,,,,False,False,Egypt Yellow Pages,,2026-09-18,,
158,المركز التجاري الصيني لتجارة قطع غيار الموتوسيكلات,🚗 السيارات وقطع الغيار والخدمات المتعلقة بها,سيارات وقطع غيار وصيانة,قطع غيار موتوسيكلات,سيارات ودراجات,,كفر الجزار,F5H5+VRP - كفر الجزار,,,,,,,,,,,,,,,False,False,Banha AI,,,,
161,شمس هايبر ماركت,🛍️ المتاجر والخدمات المختلفة,متاجر وخدمات مختلفة,,,بنها,,برج المدينة، كفر الجزار، بنها,201020622294.0,,,,,يومياً 9:30ص–1ص,3.9,1338.0,,ChIJxxs1nFTf9xQRIXC4dXbTnIs,,,,,,لا,جوجل للأعمال / خرائط جوجل,ملف نشاط تجاري على جوجل,2026-09-18,,
162,Sednawi Banha Branch,🛍️ المتاجر والخدمات المختلفة,متاجر وخدمات مختلفة,متجر,متجر,Banha,,F55J+R45، قسم بنها,,,,,,,3.9,766.0,,,,,,,,False,جوجل للأعمال / خرائط جوجل,ملف نشاط تجاري على جوجل,2026-09-18,,
163,Aswaa Almadina اسواق المدينة,🛍️ المتاجر والخدمات المختلفة,متاجر وخدمات مختلفة,,Supermarket,Banha,,"F58M+W89, Qism Banha, Banha, Al-Qalyubia Governorate 6470044, Egypt",201029023032.0,,,,,,4.2,668.0,,ChIJK8Y78Fnf9xQRHanREXTH5ec,https://www.جوجل.com/maps/search/?api=1&query=Aswaa%20Almadina%20%D8%A7%D8%B3%D9%88%D8%A7%D9%82%20%D8%A7%D9%84%D9%85%D8%AF%D9%8A%D9%86%D8%A9%20F58M%2BW89%2C%20Qism%20Banha%2C%20Banha%2C%20Al-Qalyubia%20Governorate%206470044%2C%20Egypt,,,,,False,جوجل للأعمال / خرائط جوجل,ملف نشاط تجاري على جوجل,2026-09-18,,
164,كارفور بنها,🛍️ المتاجر والخدمات المختلفة,متاجر وخدمات مختلفة,سوبر ماركت,سوبر ماركت,Banha,,كمال الدين حسين,201023613776.0,,,,,,4.1,435.0,,,,,,,,False,جوجل للأعمال / خرائط جوجل,ملف نشاط تجاري على جوجل,2026-09-18,,
165,Ego Gym,🛍️ المتاجر والخدمات المختلفة,متاجر وخدمات مختلفة,جيم,جيم,Banha,,شارع 2، قسم بنها,201005235831.0,,,,,,5.0,429.0,,,,,,,,False,جوجل للأعمال / خرائط جوجل,ملف نشاط تجاري على جوجل,2026-09-18,,
166,Kazyon,🛍️ المتاجر والخدمات المختلفة,متاجر وخدمات مختلفة,سوبر ماركت,سوبر ماركت,Banha,,شارع فرق الأمن - أمام مدرسة أنس ابن مالك,20221287500.0,,,,,,4.0,407.0,,,,,,,,False,جوجل للأعمال / خرائط جوجل,ملف نشاط تجاري على جوجل,2026-09-18,,
167,Copy Shop,🛍️ المتاجر والخدمات المختلفة,متاجر وخدمات مختلفة,Library / Copy center,مكتبات وأدوات مكتبية,Banha,,"F59M+9Q5, ش الاستاد تقاطع ش مستشفى الأمل قسم بنها، بنها، Banha 2, Egypt",201110091213.0,,,,,,4.4,93.0,,ChIJLY6WJDLf9xQRR2eteFBDEvc,https://www.جوجل.com/maps/search/?api=1&query=Copy%20Shop%20F59M%2B9Q5%2C%20%D8%B4%20%D8%A7%D9%84%D8%A7%D8%B3%D8%AA%D8%A7%D8%AF%20%D8%AA%D9%82%D8%A7%D8%B7%D8%B9%20%D8%B4%20%D9%85%D8%B3%D8%AA%D8%B4%D9%81%D9%89%20%D8%A7%D9%84%D8%A3%D9%85%D9%84%20%D9%82%D8%B3%D9%85%20%D8%A8%D9%86%D9%87%D8%A7%D8%8C%20%D8%A8%D9%86%D9%87%D8%A7%D8%8C%20Banha%202%2C%20Egypt,,,,,False,جوجل للأعمال / خرائط جوجل,ملف نشاط تجاري على جوجل,2026-09-18,,
168,CIB,🛍️ المتاجر والخدمات المختلفة,متاجر وخدمات مختلفة,Bank,Bank,Banha,,"شارع حسنى مبارك, منطقة الفيلات, Al-Qalyubia Governorate, Egypt",20235679700.0,,,,,,3.8,84.0,,ChIJEeSk9k7f9xQRxSs6NmGGU4o,https://www.جوجل.com/maps/search/?api=1&query=CIB%20%D8%B4%D8%A7%D8%B1%D8%B9%20%D8%AD%D8%B3%D9%86%D9%89%20%D9%85%D8%A8%D8%A7%D8%B1%D9%83%2C%20%D9%85%D9%86%D8%B7%D9%82%D8%A9%20%D8%A7%D9%84%D9%81%D9%8A%D9%84%D8%A7%D8%AA%2C%20Al-Qalyubia%20Governorate%2C%20Egypt,,,,,False,جوجل للأعمال / خرائط جوجل,ملف نشاط تجاري على جوجل,2026-09-18,,
169,Kashkoush Studio,🛍️ المتاجر والخدمات المختلفة,متاجر وخدمات مختلفة,Portrait studio,Portrait studio,Banha,,"El-Shaheed Farid Nada, Qism Banha, Banha, Al-Qalyubia Governorate 6470153, Egypt",20133245767.0,,,,,,4.0,53.0,,ChIJN-oy8Frf9xQR-2qDG5BR-2U,https://www.جوجل.com/maps/search/?api=1&query=Kashkoush%20Studio%20El-Shaheed%20Farid%20Nada%2C%20Qism%20Banha%2C%20Banha%2C%20Al-Qalyubia%20Governorate%206470153%2C%20Egypt,,,,,False,جوجل للأعمال / خرائط جوجل,ملف نشاط تجاري على جوجل,2026-09-18,,
170,Suez Canal Insurance,🛍️ المتاجر والخدمات المختلفة,متاجر وخدمات مختلفة,Insurance agency,Insurance agency,Banha,,"3 ش سعد زغلول, Qism Banha, Banha, Al-Qalyubia Governorate 6460138, Egypt",20133274550.0,,,,,,4.0,45.0,,ChIJ34xxD-R1WBQRy_s2dPmD3P8,https://www.جوجل.com/maps/search/?api=1&query=Suez%20Canal%20Insurance%203%20%D8%B4%20%D8%B3%D8%B9%D8%AF%20%D8%B2%D8%BA%D9%84%D9%88%D9%84%2C%20Qism%20Banha%2C%20Banha%2C%20Al-Qalyubia%20Governorate%206460138%2C%20Egypt,,,,,False,جوجل للأعمال / خرائط جوجل,ملف نشاط تجاري على جوجل,2026-09-18,,
171,مكتبة سمارت,🛍️ المتاجر والخدمات المختلفة,متاجر وخدمات مختلفة,,Stationery store,Banha,,"F5FJ+CHW, الرضى، قسم بنها، بنها، القليوبية, Qism Banha, Banha 2, Egypt",20133232157.0,,,,,,4.5,36.0,,ChIJnT7YZ_jf9xQR9TJQoz0mNHM,https://www.جوجل.com/maps/search/?api=1&query=%D9%85%D9%83%D8%AA%D8%A8%D8%A9%20%D8%B3%D9%85%D8%A7%D8%B1%D8%AA%20F5FJ%2BCHW%2C%20%D8%A7%D9%84%D8%B1%D8%B6%D9%89%D8%8C%20%D9%82%D8%B3%D9%85%20%D8%A8%D9%86%D9%87%D8%A7%D8%8C%20%D8%A8%D9%86%D9%87%D8%A7%D8%8C%20%D8%A7%D9%84%D9%82%D9%84%D9%8A%D9%88%D8%A8%D9%8A%D8%A9%2C%20Qism%20Banha%2C%20Banha%202%2C%20Egypt,,,,,False,جوجل للأعمال / خرائط جوجل,ملف نشاط تجاري على جوجل,2026-09-18,,
172,المستشار صبحى بيومى . المحامى,🛍️ المتاجر والخدمات المختلفة,متاجر وخدمات مختلفة,Attorney,Attorney,Banha,,"بجوار بنك الاسكندرية وسجاد الشرقاوي, Saad Zaghloul, Qism Banha, Banha, Al-Qalyubia Governorate 6460242, Egypt",201286657117.0,,,,,,4.6,20.0,,ChIJH1cPDlDf9xQRfbo15fJ3QPQ,https://www.جوجل.com/maps/search/?api=1&query=%D8%A7%D9%84%D9%85%D8%B3%D8%AA%D8%B4%D8%A7%D8%B1%20%D8%B5%D8%A8%D8%AD%D9%89%20%D8%A8%D9%8A%D9%88%D9%85%D9%89%20.%20%D8%A7%D9%84%D9%85%D8%AD%D8%A7%D9%85%D9%89%20%D8%A8%D8%AC%D9%88%D8%A7%D8%B1%20%D8%A8%D9%86%D9%83%20%D8%A7%D9%84%D8%A7%D8%B3%D9%83%D9%86%D8%AF%D8%B1%D9%8A%D8%A9%20%D9%88%D8%B3%D8%AC%D8%A7%D8%AF%20%D8%A7%D9%84%D8%B4%D8%B1%D9%82%D8%A7%D9%88%D9%8A%2C%20Saad%20Zaghloul%2C%20Qism%20Banha%2C%20Banha%2C%20Al-Qalyubia%20Governorate%206460242%2C%20Egypt,,,,,False,جوجل للأعمال / خرائط جوجل,ملف نشاط تجاري على جوجل,2026-09-18,,
173,ODD petshop,🛍️ المتاجر والخدمات المختلفة,متاجر وخدمات مختلفة,,Pet store,Banha,,"14 شارع El-Amal Hospital, Qism Banha, Banha 2, Al-Qalyubia Governorate 6470045, Egypt",201284173314.0,,,,,,4.2,17.0,,ChIJQ9mfV57f9xQRwfc7Gb09l_I,https://www.جوجل.com/maps/search/?api=1&query=ODD%20petshop%2014%20%D8%B4%D8%A7%D8%B1%D8%B9%20El-Amal%20Hospital%2C%20Qism%20Banha%2C%20Banha%202%2C%20Al-Qalyubia%20Governorate%206470045%2C%20Egypt,,,,,False,جوجل للأعمال / خرائط جوجل,ملف نشاط تجاري على جوجل,2026-09-18,,
174,Think INK Copy Center,🛍️ المتاجر والخدمات المختلفة,متاجر وخدمات مختلفة,طباعة وتصوير,طباعة وتصوير,Banha,,شارع النساج أمام كلية العلوم,201016858003.0,,,,,,4.6,14.0,,,,,,,,False,جوجل للأعمال / خرائط جوجل,ملف نشاط تجاري على جوجل,2026-09-18,,
175,كناري للحيوانات الأليفة,🛍️ المتاجر والخدمات المختلفة,متاجر وخدمات مختلفة,Pet store,Pet store,Banha,,"F5CP+GGF, Qism Banha, Banha 2, Al-Qalyubia Governorate 6470171, Egypt",201287720315.0,,,,,,5.0,11.0,,ChIJb-NrM5_f9xQR8h1Mq4uMkWI,https://www.جوجل.com/maps/search/?api=1&query=%D9%83%D9%86%D8%A7%D8%B1%D9%8A%20%D9%84%D9%84%D8%AD%D9%8A%D9%88%D8%A7%D9%86%D8%A7%D8%AA%20%D8%A7%D9%84%D8%A3%D9%84%D9%8A%D9%81%D8%A9%20F5CP%2BGGF%2C%20Qism%20Banha%2C%20Banha%202%2C%20Al-Qalyubia%20Governorate%206470171%2C%20Egypt,,,,,False,جوجل للأعمال / خرائط جوجل,ملف نشاط تجاري على جوجل,2026-09-18,,
176,الفرعون للتسويق العقارى فى بنها,🛍️ المتاجر والخدمات المختلفة,متاجر وخدمات مختلفة,,Real estate agency,Banha,,"Qalyubia Governorate Building, Abd El-Badei, Qism Banha, Banha 2, Al-Qalyubia Governorate 6470101, Egypt",201030145060.0,,,,,,5.0,4.0,,ChIJA8Y3ArLf9xQR2k_3aswY_-I,https://www.جوجل.com/maps/search/?api=1&query=%D8%A7%D9%84%D9%81%D8%B1%D8%B9%D9%88%D9%86%20%D9%84%D9%84%D8%AA%D8%B3%D9%88%D9%8A%D9%82%20%D8%A7%D9%84%D8%B9%D9%82%D8%A7%D8%B1%D9%89%20%D9%81%D9%89%20%D8%A8%D9%86%D9%87%D8%A7%20Qalyubia%20Governorate%20Building%2C%20Abd%20El-Badei%2C%20Qism%20Banha%2C%20Banha%202%2C%20Al-Qalyubia%20Governorate%206470101%2C%20Egypt,,,,,False,جوجل للأعمال / خرائط جوجل,ملف نشاط تجاري على جوجل,2026-09-18,,
177,مكتبتك فرع الفيومي,🛍️ المتاجر والخدمات المختلفة,متاجر وخدمات مختلفة,Book store,Book store,Banha,,"تاني تقاطع في, ٤ El-Fayoumy, Qism Banha, Banha 2, Al-Qalyubia Governorate 13515, Egypt",201017306244.0,,,,,,5.0,3.0,,ChIJN9SPqWjf9xQRp_8KU4-q890,https://www.جوجل.com/maps/search/?api=1&query=%D9%85%D9%83%D8%AA%D8%A8%D8%AA%D9%83%20%D9%81%D8%B1%D8%B9%20%D8%A7%D9%84%D9%81%D9%8A%D9%88%D9%85%D9%8A%20%D8%AA%D8%A7%D9%86%D9%8A%20%D8%AA%D9%82%D8%A7%D8%B7%D8%B9%20%D9%81%D9%8A%2C%20%D9%A4%20El-Fayoumy%2C%20Qism%20Banha%2C%20Banha%202%2C%20Al-Qalyubia%20Governorate%2013515%2C%20Egypt,,,,,False,جوجل للأعمال / خرائط جوجل,ملف نشاط تجاري على جوجل,2026-09-18,,
179,مكتب محاسب قانوني احمد غنيمي,🛍️ المتاجر والخدمات المختلفة,متاجر وخدمات مختلفة,Accounting firm,Accounting firm,Banha,,"Ibrahim Al Nouri, Qism Banha, Banha, Al-Qalyubia Governorate 6460241, Egypt",201154498943.0,,,,,,5.0,2.0,,ChIJkbgFGfyZvSURWJxJX82Eckw,https://www.جوجل.com/maps/search/?api=1&query=%D9%85%D9%83%D8%AA%D8%A8%20%D9%85%D8%AD%D8%A7%D8%B3%D8%A8%20%D9%82%D8%A7%D9%86%D9%88%D9%86%D9%8A%20%D8%A7%D8%AD%D9%85%D8%AF%20%D8%BA%D9%86%D9%8A%D9%85%D9%8A%20Ibrahim%20Al%20Nouri%2C%20Qism%20Banha%2C%20Banha%2C%20Al-Qalyubia%20Governorate%206460241%2C%20Egypt,,,,,False,جوجل للأعمال / خرائط جوجل,ملف نشاط تجاري على جوجل,2026-09-18,,
180,مشتل رافت فريدفريد ابوالدهب,🛍️ المتاجر والخدمات المختلفة,متاجر وخدمات مختلفة,Plant nursery,Plant nursery,Banha,,"F5PH+WP7, Warwarah, Banha, Al-Qalyubia Governorate 6456314, Egypt",,,,,,,5.0,1.0,,ChIJ4cyZoGPf9xQRs_MJpf-2sA8,https://www.جوجل.com/maps/search/?api=1&query=%D9%85%D8%B4%D8%AA%D9%84%20%D8%B1%D8%A7%D9%81%D8%AA%20%D9%81%D8%B1%D9%8A%D8%AF%D9%81%D8%B1%D9%8A%D8%AF%20%D8%A7%D8%A8%D9%88%D8%A7%D9%84%D8%AF%D9%87%D8%A8%20F5PH%2BWP7%2C%20Warwarah%2C%20Banha%2C%20Al-Qalyubia%20Governorate%206456314%2C%20Egypt,,,,,False,جوجل للأعمال / خرائط جوجل,ملف نشاط تجاري على جوجل,2026-09-18,,
181,مكتبة زياد,🛍️ المتاجر والخدمات المختلفة,متاجر وخدمات مختلفة,Stationery store,مكتبات وأدوات مكتبية,Banha,,"Al Shoban Al Moslemin, Qism Banha, Banha 2, Al-Qalyubia Governorate 13511, Egypt",201143851291.0,,,,,,5.0,1.0,,ChIJieNdI9jf9xQRDJUNUOHzxkg,https://www.جوجل.com/maps/search/?api=1&query=%D9%85%D9%83%D8%AA%D8%A8%D8%A9%20%D8%B2%D9%8A%D8%A7%D8%AF%20Al%20Shoban%20Al%20Moslemin%2C%20Qism%20Banha%2C%20Banha%202%2C%20Al-Qalyubia%20Governorate%2013511%2C%20Egypt,,,,,False,جوجل للأعمال / خرائط جوجل,ملف نشاط تجاري على جوجل,2026-09-18,,
182,Abou El Khair B.B.Q,🛍️ المتاجر والخدمات المختلفة,متاجر وخدمات مختلفة,مطاعم,,,مدينة بنها,"Kafr El Gazzar, Banha",,,,,,,,,,,,,,,False,False,Egypt Yellow Pages,,2026-09-18,,
183,Al Kawthr Dairy,🛍️ المتاجر والخدمات المختلفة,متاجر وخدمات مختلفة,مطاعم,,,مدينة بنها,"Villas District, Banha",,,,,,,,,,,,,,,False,False,Egypt Yellow Pages,,2026-09-18,,
184,Al Sid Abu Al Kheer Barbecue,🛍️ المتاجر والخدمات المختلفة,متاجر وخدمات مختلفة,مطاعم,,,مدينة بنها,"15 C El Nozha St., El Mansheya, Banha",,,,,,,,,,,,,,,False,False,Egypt Yellow Pages,,2026-09-18,,
185,Aly Baba,🛍️ المتاجر والخدمات المختلفة,متاجر وخدمات مختلفة,مطاعم,,,مدينة بنها,"Farid Nada St., Banha",,,,,,,,,,,,,,,False,False,Egypt Yellow Pages,,2026-09-18,,
186,Anany Pastry,🛍️ المتاجر والخدمات المختلفة,متاجر وخدمات مختلفة,مطاعم,,,مدينة بنها,"El Naggar St., Banha",,,,,,,,,,,,,,,False,False,Egypt Yellow Pages,,2026-09-18,,
187,B.Laban,🛍️ المتاجر والخدمات المختلفة,متاجر وخدمات مختلفة,مطاعم,,,مدينة بنها,"El Khedma El Egtemaeya St., Banha",,,,,,,,,,,,,,,False,False,Egypt Yellow Pages,,2026-09-18,,
188,Banha Fertility & ICSI Center,🛍️ المتاجر والخدمات المختلفة,متاجر وخدمات مختلفة,أطباء وعيادات,,,مدينة بنها,"El Sheikh Hassan Youssef St., Banha",,,,,,,,,,,,,,,False,False,Egypt Yellow Pages,,2026-09-18,,
189,Basata متجر - Banha,🛍️ المتاجر والخدمات المختلفة,متاجر وخدمات مختلفة,متجر,متجر متنوع,,كفر الجزار - بنها,أول طريق بنها كفر الجزار,200216233.0,,,,,,,,,,,,,,False,False,جوجل خرائط local listing,,,,
190,Bashayer Pastry,🛍️ المتاجر والخدمات المختلفة,متاجر وخدمات مختلفة,مطاعم,,,مدينة بنها,"3 Abdel Hafez St., Kafr Manaqer, Banha",,,,,,,,,,,,,,,False,False,Egypt Yellow Pages,,2026-09-18,,
191,Bazooka Fried Chicken,🛍️ المتاجر والخدمات المختلفة,متاجر وخدمات مختلفة,مطاعم,,,مدينة بنها,"Corniche El Nil St., Villas District, Banha",,,,,,,,,,,,,,,False,False,Egypt Yellow Pages,,2026-09-18,,
192,Bedaya Psychiatry,🛍️ المتاجر والخدمات المختلفة,متاجر وخدمات مختلفة,أطباء وعيادات,,,مدينة بنها,"Seif El Nasr St. Off El Shaheed Farid Nada St., Banha",,,,,,,,,,,,,,,False,False,Egypt Yellow Pages,,2026-09-18,,
193,Benha Laser Center,🛍️ المتاجر والخدمات المختلفة,متاجر وخدمات مختلفة,أطباء وعيادات,,,مدينة بنها,"El Maahad El Diny St. Habib Bldg., Villas Zone, Banha",,,,,,,,,,,,,,,False,False,Egypt Yellow Pages,,2026-09-18,,
194,Bokharest Black,🛍️ المتاجر والخدمات المختلفة,متاجر وخدمات مختلفة,مطاعم,,,مدينة بنها,"Kamal El Din Hussein St., Banha",,,,,,,,,,,,,,,False,False,Egypt Yellow Pages,,2026-09-18,,
195,Buffalo Burger,🛍️ المتاجر والخدمات المختلفة,متاجر وخدمات مختلفة,مطاعم,,,مدينة بنها,"Kamal El Din Hussein St., Banha",,,,,,,,,,,,,,,False,False,Egypt Yellow Pages,,2026-09-18,,
196,Candy Crush,🛍️ المتاجر والخدمات المختلفة,متاجر وخدمات مختلفة,مطاعم,,,مدينة بنها,"Koleyet El Tegara St., Villas Zone, Banha",,,,,,,,,,,,,,,False,False,Egypt Yellow Pages,,2026-09-18,,
197,City Crepe,🛍️ المتاجر والخدمات المختلفة,متاجر وخدمات مختلفة,مطاعم,,,مدينة بنها,"El Tahrir St., Villas Zone, Banha",,,,,,,,,,,,,,,False,False,Egypt Yellow Pages,,2026-09-18,,
198,Cook Door,🛍️ المتاجر والخدمات المختلفة,متاجر وخدمات مختلفة,مطاعم,,,مدينة بنها,"Corniche El Nil St., Villas Zone, Banha",,,,,,,,,,,,,,,False,False,Egypt Yellow Pages,,2026-09-18,,
199,Crepe Spicy,🛍️ المتاجر والخدمات المختلفة,متاجر وخدمات مختلفة,مطاعم,,,مدينة بنها,"Torad El Nil Bldgs., Banha",,,,,,,,,,,,,,,False,False,Egypt Yellow Pages,,2026-09-18,,
200,Donuts Pastry,🛍️ المتاجر والخدمات المختلفة,متاجر وخدمات مختلفة,مطاعم,,,مدينة بنها,"Farid Nada St., Banha",,,,,,,,,,,,,,,False,False,Egypt Yellow Pages,,2026-09-18,,
201,Dr. Aaesha El Shafaey,🛍️ المتاجر والخدمات المختلفة,متاجر وخدمات مختلفة,أطباء وعيادات,,,مدينة بنها,"39 Saad Zaghloul St., Banha",,,,,,,,,,,,,,,False,False,Egypt Yellow Pages,,2026-09-18,,
202,Dr. Abdel Azim Mohamed Afify,🛍️ المتاجر والخدمات المختلفة,متاجر وخدمات مختلفة,أطباء وعيادات,,,مدينة بنها,"13 Gharb El Estad St., El Ahram, Banha",,,,,,,,,,,,,,,False,False,Egypt Yellow Pages,,2026-09-18,,
203,Dr. Abdel Aziz Ahmed,🛍️ المتاجر والخدمات المختلفة,متاجر وخدمات مختلفة,أطباء وعيادات,,,مدينة بنها,"Rania Tower, El Kobry St., Banha",,,,,,,,,,,,,,,False,False,Egypt Yellow Pages,,2026-09-18,,
204,Dr. Abdel Basset El Shaarawy,🛍️ المتاجر والخدمات المختلفة,متاجر وخدمات مختلفة,أطباء وعيادات,,,مدينة بنها,"El Kobry St., Banha",,,,,,,,,,,,,,,False,False,Egypt Yellow Pages,,2026-09-18,,
205,Dr. Abdel Gawad Tarih,🛍️ المتاجر والخدمات المختلفة,متاجر وخدمات مختلفة,أطباء وعيادات,,,مدينة بنها,"17 Abdel Satar El Attar St. Off Saad Zaghloul St., Banha",,,,,,,,,,,,,,,False,False,Egypt Yellow Pages,,2026-09-18,,
206,Dr. Abdel Halim El Kasapy,🛍️ المتاجر والخدمات المختلفة,متاجر وخدمات مختلفة,أطباء وعيادات,,,مدينة بنها,"9 Awlad Heikal St., Banha",,,,,,,,,,,,,,,False,False,Egypt Yellow Pages,,2026-09-18,,
207,Dr. Abdel Latif Mohamed El Khouly,🛍️ المتاجر والخدمات المختلفة,متاجر وخدمات مختلفة,أطباء وعيادات,,,مدينة بنها,"4 El Sheddeya St., El Sheddeya, Banha",,,,,,,,,,,,,,,False,False,Egypt Yellow Pages,,2026-09-18,,
208,Dr. Abdel Qader Farrag,🛍️ المتاجر والخدمات المختلفة,متاجر وخدمات مختلفة,أطباء وعيادات,,,مدينة بنها,"El Kobry St., Banha",,,,,,,,,,,,,,,False,False,Egypt Yellow Pages,,2026-09-18,,
209,Dr. Abdel Rahim Kamel El Badawy,🛍️ المتاجر والخدمات المختلفة,متاجر وخدمات مختلفة,أطباء وعيادات,,,مدينة بنها,"1 El Tahrir St., Banha",,,,,,,,,,,,,,,False,False,Egypt Yellow Pages,,2026-09-18,,
210,Dr. Abdel Rahman Maghawry,🛍️ المتاجر والخدمات المختلفة,متاجر وخدمات مختلفة,أطباء وعيادات,,,مدينة بنها,"Salah El Din St., Banha",,,,,,,,,,,,,,,False,False,Egypt Yellow Pages,,2026-09-18,,
211,Dr. Abdel Razeq Sharaf,🛍️ المتاجر والخدمات المختلفة,متاجر وخدمات مختلفة,أطباء وعيادات,,,مدينة بنها,"3 Port Said Bldgs., Corniche El Nil St., El Sheddeya, Banha",,,,,,,,,,,,,,,False,False,Egypt Yellow Pages,,2026-09-18,,
212,Dr. Abdel Samad El Desouqy Mohamed,🛍️ المتاجر والخدمات المختلفة,متاجر وخدمات مختلفة,أطباء وعيادات,,,مدينة بنها,"El Modereya St., Banha",,,,,,,,,,,,,,,False,False,Egypt Yellow Pages,,2026-09-18,,
213,Dr. Abdel Sattar Aly,🛍️ المتاجر والخدمات المختلفة,متاجر وخدمات مختلفة,أطباء وعيادات,,,مدينة بنها,"2 Farid Nada St., Banha",,,,,,,,,,,,,,,False,False,Egypt Yellow Pages,,2026-09-18,,
214,Dr. Abdel Shafy Mohamady,🛍️ المتاجر والخدمات المختلفة,متاجر وخدمات مختلفة,أطباء وعيادات,,,مدينة بنها,"23 El Kobry St., Banha",,,,,,,,,,,,,,,False,False,Egypt Yellow Pages,,2026-09-18,,
215,Dr. Adel Hafez El Fallah,🛍️ المتاجر والخدمات المختلفة,متاجر وخدمات مختلفة,أطباء وعيادات,,,مدينة بنها,"1 Farid Nada St., Banha",,,,,,,,,,,,,,,False,False,Egypt Yellow Pages,,2026-09-18,,
216,Dr. Adel Rashed Hamid,🛍️ المتاجر والخدمات المختلفة,متاجر وخدمات مختلفة,أطباء وعيادات,,,مدينة بنها,"7 Farid Nada St., Banha",,,,,,,,,,,,,,,False,False,Egypt Yellow Pages,,2026-09-18,,
217,Dr. Ahmed Abdel Aaty,🛍️ المتاجر والخدمات المختلفة,متاجر وخدمات مختلفة,أطباء وعيادات,,,مدينة بنها,"13 Salah Kamel Hegazy St., Banha",,,,,,,,,,,,,,,False,False,Egypt Yellow Pages,,2026-09-18,,
218,Dr. Ahmed Abdel Aziz,🛍️ المتاجر والخدمات المختلفة,متاجر وخدمات مختلفة,أطباء وعيادات,,,مدينة بنها,"22 Naguib El Noury St., Banha",,,,,,,,,,,,,,,False,False,Egypt Yellow Pages,,2026-09-18,,
219,Dr. Ahmed Abdel Sadeq,🛍️ المتاجر والخدمات المختلفة,متاجر وخدمات مختلفة,أطباء وعيادات,,,مدينة بنها,"13 El Ashraf St., Floor 3, Banha",,,,,,,,,,,,,,,False,False,Egypt Yellow Pages,,2026-09-18,,
220,Dr. Ahmed Aql,🛍️ المتاجر والخدمات المختلفة,متاجر وخدمات مختلفة,أطباء وعيادات,,,مدينة بنها,"1 Mekka Tower, Gamil St., Banha",,,,,,,,,,,,,,,False,False,Egypt Yellow Pages,,2026-09-18,,
221,Dr. Ahmed El Shaal,🛍️ المتاجر والخدمات المختلفة,متاجر وخدمات مختلفة,أطباء وعيادات,,,مدينة بنها,"El Segn St., Banha",,,,,,,,,,,,,,,False,False,Egypt Yellow Pages,,2026-09-18,,
222,Dr. Ahmed Ezzat,🛍️ المتاجر والخدمات المختلفة,متاجر وخدمات مختلفة,أطباء وعيادات,,,مدينة بنها,"36 El Kobry St., Banha",,,,,,,,,,,,,,,False,False,Egypt Yellow Pages,,2026-09-18,,
223,Dr. Ahmed Fathallah,🛍️ المتاجر والخدمات المختلفة,متاجر وخدمات مختلفة,أطباء وعيادات,,,مدينة بنها,"15 El Dahshan St., El Sheddeya, Banha",,,,,,,,,,,,,,,False,False,Egypt Yellow Pages,,2026-09-18,,
224,Dr. Ahmed Hany Wahdan,🛍️ المتاجر والخدمات المختلفة,متاجر وخدمات مختلفة,أطباء وعيادات,,,مدينة بنها,"El Kobry St., El Serafy Tower, 5th Floor, Banha",,,,,,,,,,,,,,,False,False,Egypt Yellow Pages,,2026-09-18,,
225,Dr. Ahmed Hussein,🛍️ المتاجر والخدمات المختلفة,متاجر وخدمات مختلفة,أطباء وعيادات,,,مدينة بنها,"27 Abdel Sattar El Attar St., Banha",,,,,,,,,,,,,,,False,False,Egypt Yellow Pages,,2026-09-18,,
226,Dr. Ahmed Ibrahim,🛍️ المتاجر والخدمات المختلفة,متاجر وخدمات مختلفة,أطباء وعيادات,,,مدينة بنها,"Koleyet El Tegara St., Banha",,,,,,,,,,,,,,,False,False,Egypt Yellow Pages,,2026-09-18,,
227,Dr. Ahmed Mohamed Abdel Azim,🛍️ المتاجر والخدمات المختلفة,متاجر وخدمات مختلفة,أطباء وعيادات,,,مدينة بنها,"36 El Kobry St., Banha",,,,,,,,,,,,,,,False,False,Egypt Yellow Pages,,2026-09-18,,
228,Dr. Ahmed Mohamed El Mahdy,🛍️ المتاجر والخدمات المختلفة,متاجر وخدمات مختلفة,أطباء وعيادات,,,مدينة بنها,"24 Abdel Hafez St., Kafr Manaqer, Banha",,,,,,,,,,,,,,,False,False,Egypt Yellow Pages,,2026-09-18,,
229,Dr. Ahmed Mohamed Salem,🛍️ المتاجر والخدمات المختلفة,متاجر وخدمات مختلفة,أطباء وعيادات,,,مدينة بنها,"El Kobry St., Floor 3, Banha",,,,,,,,,,,,,,,False,False,Egypt Yellow Pages,,2026-09-18,,
230,Dr. Ahmed Mohy Abdel Aziz,🛍️ المتاجر والخدمات المختلفة,متاجر وخدمات مختلفة,أطباء وعيادات,,,مدينة بنها,"Farid Nada St., El Nagdah, Banha",,,,,,,,,,,,,,,False,False,Egypt Yellow Pages,,2026-09-18,,
231,Dr. Ahmed Mostafa El Nany,🛍️ المتاجر والخدمات المختلفة,متاجر وخدمات مختلفة,أطباء وعيادات,,,مدينة بنها,"El Adawy St. Off Abdel Hafeez St., Banha",,,,,,,,,,,,,,,False,False,Egypt Yellow Pages,,2026-09-18,,
232,Dr. Ahmed Sabry,🛍️ المتاجر والخدمات المختلفة,متاجر وخدمات مختلفة,أطباء وعيادات,,,مدينة بنها,"Saad Zaghloul St., Banha",,,,,,,,,,,,,,,False,False,Egypt Yellow Pages,,2026-09-18,,
233,Dr. Ahmed Samir,🛍️ المتاجر والخدمات المختلفة,متاجر وخدمات مختلفة,أطباء وعيادات,,,مدينة بنها,"36 El Kobry St., Banha",,,,,,,,,,,,,,,False,False,Egypt Yellow Pages,,2026-09-18,,
234,Dr. Ahmed Shawky Ezzat,🛍️ المتاجر والخدمات المختلفة,متاجر وخدمات مختلفة,أطباء وعيادات,,,مدينة بنها,"El Kobry St., Banha",,,,,,,,,,,,,,,False,False,Egypt Yellow Pages,,2026-09-18,,
235,Dr. Ahmed Shawky Gheith,🛍️ المتاجر والخدمات المختلفة,متاجر وخدمات مختلفة,أطباء وعيادات,,,مدينة بنها,"1 Gamil St., Banha",,,,,,,,,,,,,,,False,False,Egypt Yellow Pages,,2026-09-18,,
236,Dr. Ahmed Shawky Wafa,🛍️ المتاجر والخدمات المختلفة,متاجر وخدمات مختلفة,أطباء وعيادات,,,مدينة بنها,"15 Saad Zaghloul St., Banha",,,,,,,,,,,,,,,False,False,Egypt Yellow Pages,,2026-09-18,,
237,Dr. Ahmed Sobhy Allam,🛍️ المتاجر والخدمات المختلفة,متاجر وخدمات مختلفة,أطباء وعيادات,,,مدينة بنها,"18 Gamil St., Banha",,,,,,,,,,,,,,,False,False,Egypt Yellow Pages,,2026-09-18,,
238,Dr. Ahmed Thabet,🛍️ المتاجر والخدمات المختلفة,متاجر وخدمات مختلفة,أطباء وعيادات,,,مدينة بنها,"12 Seif El Nasr St., Banha",,,,,,,,,,,,,,,False,False,Egypt Yellow Pages,,2026-09-18,,
239,Dr. Ahmed Tharwat Nassar,🛍️ المتاجر والخدمات المختلفة,متاجر وخدمات مختلفة,أطباء وعيادات,,,مدينة بنها,"El Modereya St., Banha",,,,,,,,,,,,,,,False,False,Egypt Yellow Pages,,2026-09-18,,
240,Dr. Ahmed Zaidan,🛍️ المتاجر والخدمات المختلفة,متاجر وخدمات مختلفة,أطباء وعيادات,,,مدينة بنها,"13 Salah Kamel Hegazy St., Banha",,,,,,,,,,,,,,,False,False,Egypt Yellow Pages,,2026-09-18,,
241,Dr. Alaa Abdel Moaty,🛍️ المتاجر والخدمات المختلفة,متاجر وخدمات مختلفة,أطباء وعيادات,,,مدينة بنها,"13 Salah Kamel Hegazy St., Banha",,,,,,,,,,,,,,,False,False,Egypt Yellow Pages,,2026-09-18,,
242,Dr. Alaa El Din Gouda,🛍️ المتاجر والخدمات المختلفة,متاجر وخدمات مختلفة,أطباء وعيادات,,,مدينة بنها,"19 Saad Zaghloul St., Banha",,,,,,,,,,,,,,,False,False,Egypt Yellow Pages,,2026-09-18,,
243,Dr. Albeir Ibrahim,🛍️ المتاجر والخدمات المختلفة,متاجر وخدمات مختلفة,أطباء وعيادات,,,مدينة بنها,"El Modereya St., Banha",,,,,,,,,,,,,,,False,False,Egypt Yellow Pages,,2026-09-18,,
244,Dr. Aly Azouz,🛍️ المتاجر والخدمات المختلفة,متاجر وخدمات مختلفة,أطباء وعيادات,,,مدينة بنها,"El Riad St., Banha",,,,,,,,,,,,,,,False,False,Egypt Yellow Pages,,2026-09-18,,
245,Dr. Aly El Sayed Aly,🛍️ المتاجر والخدمات المختلفة,متاجر وخدمات مختلفة,أطباء وعيادات,,,مدينة بنها,"Maqsoud St., Banha",,,,,,,,,,,,,,,False,False,Egypt Yellow Pages,,2026-09-18,,
246,Dr. Amgad Mostafa Badr,🛍️ المتاجر والخدمات المختلفة,متاجر وخدمات مختلفة,أطباء وعيادات,,,مدينة بنها,"27 Abdel Sattar El Attar St., Banha",,,,,,,,,,,,,,,False,False,Egypt Yellow Pages,,2026-09-18,,
247,Dr. Amr El Naggar,🛍️ المتاجر والخدمات المختلفة,متاجر وخدمات مختلفة,أطباء وعيادات,,,مدينة بنها,"16 Gamil St., Banha",,,,,,,,,,,,,,,False,False,Egypt Yellow Pages,,2026-09-18,,
248,Dr. Anas Mohamed Qashwa,🛍️ المتاجر والخدمات المختلفة,متاجر وخدمات مختلفة,أطباء وعيادات,,,مدينة بنها,"El Mahkama St., Banha",,,,,,,,,,,,,,,False,False,Egypt Yellow Pages,,2026-09-18,,
249,Dr. Ashraf Azzam,🛍️ المتاجر والخدمات المختلفة,متاجر وخدمات مختلفة,أطباء وعيادات,,,مدينة بنها,"Basta Rd., Banha",,,,,,,,,,,,,,,False,False,Egypt Yellow Pages,,2026-09-18,,
250,Dr. Ashraf El Neanaey,🛍️ المتاجر والخدمات المختلفة,متاجر وخدمات مختلفة,أطباء وعيادات,,,مدينة بنها,"13 Salah Kamel Hegazy St., Banha",,,,,,,,,,,,,,,False,False,Egypt Yellow Pages,,2026-09-18,,
251,Dr. Ashraf El Shafaey,🛍️ المتاجر والخدمات المختلفة,متاجر وخدمات مختلفة,أطباء وعيادات,,,مدينة بنها,"7 El Shemout St., Mansheyet El Nour, Banha",,,,,,,,,,,,,,,False,False,Egypt Yellow Pages,,2026-09-18,,
252,Dr. Ashraf Ismail,🛍️ المتاجر والخدمات المختلفة,متاجر وخدمات مختلفة,أطباء وعيادات,,,مدينة بنها,"11 Bank Misr St., Banha",,,,,,,,,,,,,,,False,False,Egypt Yellow Pages,,2026-09-18,,
253,Dr. Ashraf Mohamed El Mahdy,🛍️ المتاجر والخدمات المختلفة,متاجر وخدمات مختلفة,أطباء وعيادات,,,مدينة بنها,"24 Abdel Hafez St., Kafr Manaqer, Banha",,,,,,,,,,,,,,,False,False,Egypt Yellow Pages,,2026-09-18,,
254,Dr. Ashraf Salah El Din El Hamshary,🛍️ المتاجر والخدمات المختلفة,متاجر وخدمات مختلفة,أطباء وعيادات,,,مدينة بنها,"Saad Zaghloul Sq., El Balabeya Bldg., Banha",,,,,,,,,,,,,,,False,False,Egypt Yellow Pages,,2026-09-18,,
255,Dr. Assem Abdel Aal,🛍️ المتاجر والخدمات المختلفة,متاجر وخدمات مختلفة,أطباء وعيادات,,,مدينة بنها,"3 Saad Zaghloul St., Banha",,,,,,,,,,,,,,,False,False,Egypt Yellow Pages,,2026-09-18,,
256,Dr. Ayman El Badry,🛍️ المتاجر والخدمات المختلفة,متاجر وخدمات مختلفة,أطباء وعيادات,,,مدينة بنها,"13 Salah Kamel Hegazy St., Banha",,,,,,,,,,,,,,,False,False,Egypt Yellow Pages,,2026-09-18,,
257,Dr. Bahaa El Din Abd Raboh,🛍️ المتاجر والخدمات المختلفة,متاجر وخدمات مختلفة,أطباء وعيادات,,,مدينة بنها,"1 Mekka Tower, Gamil St., Banha",,,,,,,,,,,,,,,False,False,Egypt Yellow Pages,,2026-09-18,,
258,Dr. Cinnamon,🛍️ المتاجر والخدمات المختلفة,متاجر وخدمات مختلفة,مطاعم,,,مدينة بنها,"Corniche El Nil St., Villas Zone, Banha",,,,,,,,,,,,,,,False,False,Egypt Yellow Pages,,2026-09-18,,
259,Dr. Dina Gamal,🛍️ المتاجر والخدمات المختلفة,متاجر وخدمات مختلفة,أطباء وعيادات,,,مدينة بنها,"El Kobry St., Banha",,,,,,,,,,,,,,,False,False,Egypt Yellow Pages,,2026-09-18,,
260,Dr. Effat Hussein Asr,🛍️ المتاجر والخدمات المختلفة,متاجر وخدمات مختلفة,أطباء وعيادات,,,مدينة بنها,"12 Abdel Hafez St., Kafr Manaqer, Banha",,,,,,,,,,,,,,,False,False,Egypt Yellow Pages,,2026-09-18,,
261,Dr. Ehab Abdel Fattah,🛍️ المتاجر والخدمات المختلفة,متاجر وخدمات مختلفة,أطباء وعيادات,,,مدينة بنها,"3 El Dahshan St., Banha",,,,,,,,,,,,,,,False,False,Egypt Yellow Pages,,2026-09-18,,
262,Dr. El Sayed Abdel Rahman El Sayed,🛍️ المتاجر والخدمات المختلفة,متاجر وخدمات مختلفة,أطباء وعيادات,,,مدينة بنها,"Saad Zaghloul St., Banha",,,,,,,,,,,,,,,False,False,Egypt Yellow Pages,,2026-09-18,,
263,Dr. El Sayed Afify El Qattan,🛍️ المتاجر والخدمات المختلفة,متاجر وخدمات مختلفة,أطباء وعيادات,,,مدينة بنها,"15 Saad Zaghloul St., Banha",,,,,,,,,,,,,,,False,False,Egypt Yellow Pages,,2026-09-18,,
264,Dr. El Sayed El Moqadem,🛍️ المتاجر والخدمات المختلفة,متاجر وخدمات مختلفة,أطباء وعيادات,,,مدينة بنها,"El Modereya St., Banha",,,,,,,,,,,,,,,False,False,Egypt Yellow Pages,,2026-09-18,,
265,Dr. El Sayed Mohamed El Naggar,🛍️ المتاجر والخدمات المختلفة,متاجر وخدمات مختلفة,أطباء وعيادات,,,مدينة بنها,"Arnab St., Banha",,,,,,,,,,,,,,,False,False,Egypt Yellow Pages,,2026-09-18,,
266,Dr. El Sayed Qaoud,🛍️ المتاجر والخدمات المختلفة,متاجر وخدمات مختلفة,أطباء وعيادات,,,مدينة بنها,"El Kobry St., Banha",,,,,,,,,,,,,,,False,False,Egypt Yellow Pages,,2026-09-18,,
267,Dr. Elham Abdel Azim Gad,🛍️ المتاجر والخدمات المختلفة,متاجر وخدمات مختلفة,أطباء وعيادات,,,مدينة بنها,"15 Saad Zaghloul St., Banha",,,,,,,,,,,,,,,False,False,Egypt Yellow Pages,,2026-09-18,,
268,Dr. Elham Abdel Aziz Sarhan,🛍️ المتاجر والخدمات المختلفة,متاجر وخدمات مختلفة,أطباء وعيادات,,,مدينة بنها,"3 Abdel Moneim Mousa St., Banha",,,,,,,,,,,,,,,False,False,Egypt Yellow Pages,,2026-09-18,,
269,Dr. Esraa Mostafa El Mahallawy,🛍️ المتاجر والخدمات المختلفة,متاجر وخدمات مختلفة,أطباء وعيادات,,,مدينة بنها,"3 Salah El Din St., Banha",,,,,,,,,,,,,,,False,False,Egypt Yellow Pages,,2026-09-18,,
270,Dr. Essam Abdel Aziz Farad,🛍️ المتاجر والخدمات المختلفة,متاجر وخدمات مختلفة,أطباء وعيادات,,,مدينة بنها,"39 Saad Zaghloul St., Banha",,,,,,,,,,,,,,,False,False,Egypt Yellow Pages,,2026-09-18,,
271,Dr. Essam Mohamed,🛍️ المتاجر والخدمات المختلفة,متاجر وخدمات مختلفة,أطباء وعيادات,,,مدينة بنها,"Saad Zaghloul Sq., Banha",,,,,,,,,,,,,,,False,False,Egypt Yellow Pages,,2026-09-18,,
272,Dr. Ezzat Abdel Rahman Shahin,🛍️ المتاجر والخدمات المختلفة,متاجر وخدمات مختلفة,أطباء وعيادات,,,مدينة بنها,"19 Salah El Din St. Off Saad Zaghloul St., Banha",,,,,,,,,,,,,,,False,False,Egypt Yellow Pages,,2026-09-18,,
273,Dr. Fatema El Shabasy,🛍️ المتاجر والخدمات المختلفة,متاجر وخدمات مختلفة,أطباء وعيادات,,,مدينة بنها,"El Far St., Banha",,,,,,,,,,,,,,,False,False,Egypt Yellow Pages,,2026-09-18,,
274,Dr. Fatema Mohamed,🛍️ المتاجر والخدمات المختلفة,متاجر وخدمات مختلفة,أطباء وعيادات,,,مدينة بنها,"Koleyet El Tegara St., Banha",,,,,,,,,,,,,,,False,False,Egypt Yellow Pages,,2026-09-18,,
275,Dr. Fathy El Nos,🛍️ المتاجر والخدمات المختلفة,متاجر وخدمات مختلفة,أطباء وعيادات,,,مدينة بنها,"Hamza St., Banha",,,,,,,,,,,,,,,False,False,Egypt Yellow Pages,,2026-09-18,,
276,Dr. Fatma Abdel Aal,🛍️ المتاجر والخدمات المختلفة,متاجر وخدمات مختلفة,أطباء وعيادات,,,مدينة بنها,"49 Sedqy Ibrahim Ismail St., Banha",,,,,,,,,,,,,,,False,False,Egypt Yellow Pages,,2026-09-18,,
277,Dr. Fatma Gamal,🛍️ المتاجر والخدمات المختلفة,متاجر وخدمات مختلفة,أطباء وعيادات,,,مدينة بنها,"3 Salem St., Mansheyet El Nour, Banha",,,,,,,,,,,,,,,False,False,Egypt Yellow Pages,,2026-09-18,,
278,Dr. Gamal Ibrahim,🛍️ المتاجر والخدمات المختلفة,متاجر وخدمات مختلفة,أطباء وعيادات,,,مدينة بنها,"1 El Tahrir St., Banha",,,,,,,,,,,,,,,False,False,Egypt Yellow Pages,,2026-09-18,,
279,Dr. Gamal Maged,🛍️ المتاجر والخدمات المختلفة,متاجر وخدمات مختلفة,أطباء وعيادات,,,مدينة بنها,"Nassar St., Banha",,,,,,,,,,,,,,,False,False,Egypt Yellow Pages,,2026-09-18,,
280,Dr. Gamal Saleh,🛍️ المتاجر والخدمات المختلفة,متاجر وخدمات مختلفة,أطباء وعيادات,,,مدينة بنها,"37 Ibn El Rashid St., Off Saad Zaghloul St., Banha",,,,,,,,,,,,,,,False,False,Egypt Yellow Pages,,2026-09-18,,
281,Dr. Ghada Abdel Hady,🛍️ المتاجر والخدمات المختلفة,متاجر وخدمات مختلفة,أطباء وعيادات,,,مدينة بنها,"4 Farid Nada St., Banha",,,,,,,,,,,,,,,False,False,Egypt Yellow Pages,,2026-09-18,,
282,Dr. Hala Helmy,🛍️ المتاجر والخدمات المختلفة,متاجر وخدمات مختلفة,أطباء وعيادات,,,مدينة بنها,"15 Saad Zaghloul St., Banha",,,,,,,,,,,,,,,False,False,Egypt Yellow Pages,,2026-09-18,,
283,Dr. Hamdy Ahmed Abdou,🛍️ المتاجر والخدمات المختلفة,متاجر وخدمات مختلفة,أطباء وعيادات,,,مدينة بنها,"El Dahshan St., Banha",,,,,,,,,,,,,,,False,False,Egypt Yellow Pages,,2026-09-18,,
284,Dr. Hamdy Ahmed Iraqy,🛍️ المتاجر والخدمات المختلفة,متاجر وخدمات مختلفة,أطباء وعيادات,,,مدينة بنها,"El Sagha St., Banha",,,,,,,,,,,,,,,False,False,Egypt Yellow Pages,,2026-09-18,,
285,Dr. Hamed Rashad Mohamed,🛍️ المتاجر والخدمات المختلفة,متاجر وخدمات مختلفة,أطباء وعيادات,,,مدينة بنها,"Elaiwa El Baniusy St. Off Sokar Banat St., Banha",,,,,,,,,,,,,,,False,False,Egypt Yellow Pages,,2026-09-18,,
286,Dr. Hamouda Wahib Sherif,🛍️ المتاجر والخدمات المختلفة,متاجر وخدمات مختلفة,أطباء وعيادات,,,مدينة بنها,"12 Seif El Nasr St., Banha",,,,,,,,,,,,,,,False,False,Egypt Yellow Pages,,2026-09-18,,
287,Dr. Hany Afify,🛍️ المتاجر والخدمات المختلفة,متاجر وخدمات مختلفة,أطباء وعيادات,,,مدينة بنها,"Salah Kamel Hegazy St., Banha",,,,,,,,,,,,,,,False,False,Egypt Yellow Pages,,2026-09-18,,
288,Dr. Hany El Kallaf,🛍️ المتاجر والخدمات المختلفة,متاجر وخدمات مختلفة,أطباء وعيادات,,,مدينة بنها,"Gamil St., Banha",,,,,,,,,,,,,,,False,False,Egypt Yellow Pages,,2026-09-18,,
289,Dr. Hassan Tawfiq Abbas,🛍️ المتاجر والخدمات المختلفة,متاجر وخدمات مختلفة,أطباء وعيادات,,,مدينة بنها,"Saad Zaghloul St., Banha",,,,,,,,,,,,,,,False,False,Egypt Yellow Pages,,2026-09-18,,
290,Dr. Hatem Samir,🛍️ المتاجر والخدمات المختلفة,متاجر وخدمات مختلفة,أطباء وعيادات,,,مدينة بنها,"3 Salem St. Off El Shemout St., Mansheyet El Nour, Banha",,,,,,,,,,,,,,,False,False,Egypt Yellow Pages,,2026-09-18,,
291,Dr. Hazem Abdel Azim,🛍️ المتاجر والخدمات المختلفة,متاجر وخدمات مختلفة,أطباء وعيادات,,,مدينة بنها,"39 Saad Zaghloul St., Banha",,,,,,,,,,,,,,,False,False,Egypt Yellow Pages,,2026-09-18,,
292,Dr. Hazem Qabil,🛍️ المتاجر والخدمات المختلفة,متاجر وخدمات مختلفة,أطباء وعيادات,,,مدينة بنها,"Mansheyet El Nour St., Banha",,,,,,,,,,,,,,,False,False,Egypt Yellow Pages,,2026-09-18,,
293,Dr. Helal Saleh,🛍️ المتاجر والخدمات المختلفة,متاجر وخدمات مختلفة,أطباء وعيادات,,,مدينة بنها,"15 Saad Zaghloul St., Banha",,,,,,,,,,,,,,,False,False,Egypt Yellow Pages,,2026-09-18,,
294,Dr. Hesham Abdel Rahman,🛍️ المتاجر والخدمات المختلفة,متاجر وخدمات مختلفة,أطباء وعيادات,,,مدينة بنها,"17 Naguib El Noury St., Banha",,,,,,,,,,,,,,,False,False,Egypt Yellow Pages,,2026-09-18,,
295,Dr. Hossam Amin,🛍️ المتاجر والخدمات المختلفة,متاجر وخدمات مختلفة,أطباء وعيادات,,,مدينة بنها,"1 Gamil St., Banha",,,,,,,,,,,,,,,False,False,Egypt Yellow Pages,,2026-09-18,,
296,Dr. Howida Youssef Afify,🛍️ المتاجر والخدمات المختلفة,متاجر وخدمات مختلفة,أطباء وعيادات,,,مدينة بنها,"Corniche El Nil, Banha",,,,,,,,,,,,,,,False,False,Egypt Yellow Pages,,2026-09-18,,
297,Dr. Hussein Shaher,🛍️ المتاجر والخدمات المختلفة,متاجر وخدمات مختلفة,أطباء وعيادات,,,مدينة بنها,"El Kobry St., El Serafy Tower, Banha",,,,,,,,,,,,,,,False,False,Egypt Yellow Pages,,2026-09-18,,
298,Dr. Ibrahim Kamshish,🛍️ المتاجر والخدمات المختلفة,متاجر وخدمات مختلفة,أطباء وعيادات,,,مدينة بنها,"1 Abdel Moneim Mousa St., Banha",,,,,,,,,,,,,,,False,False,Egypt Yellow Pages,,2026-09-18,,
299,Dr. Ihsan Fahmy,🛍️ المتاجر والخدمات المختلفة,متاجر وخدمات مختلفة,أطباء وعيادات,,,مدينة بنها,"El Modereya St., Banha",,,,,,,,,,,,,,,False,False,Egypt Yellow Pages,,2026-09-18,,
300,Dr. Islam Shahin,🛍️ المتاجر والخدمات المختلفة,متاجر وخدمات مختلفة,أطباء وعيادات,,,مدينة بنها,"13 Salah Kamel Hegazy St., Banha",,,,,,,,,,,,,,,False,False,Egypt Yellow Pages,,2026-09-18,,
301,Dr. Katheir Abdel Hakim El Mahalawy,🛍️ المتاجر والخدمات المختلفة,متاجر وخدمات مختلفة,أطباء وعيادات,,,مدينة بنها,"El Kobry St., Banha",,,,,,,,,,,,,,,False,False,Egypt Yellow Pages,,2026-09-18,,
302,Dr. Khaled Sallam,🛍️ المتاجر والخدمات المختلفة,متاجر وخدمات مختلفة,أطباء وعيادات,,,مدينة بنها,"El Kobry St., Banha",,,,,,,,,,,,,,,False,False,Egypt Yellow Pages,,2026-09-18,,
303,Dr. Laila Fawzy,🛍️ المتاجر والخدمات المختلفة,متاجر وخدمات مختلفة,أطباء وعيادات,,,مدينة بنها,"5 El Shemout St., Mansheyet El Nour, Banha",,,,,,,,,,,,,,,False,False,Egypt Yellow Pages,,2026-09-18,,
304,Dr. Mabrouk Hassan Ibrahim,🛍️ المتاجر والخدمات المختلفة,متاجر وخدمات مختلفة,أطباء وعيادات,,,مدينة بنها,"Kafr Shokr, Banha",,,,,,,,,,,,,,,False,False,Egypt Yellow Pages,,2026-09-18,,
305,Dr. Magdy Abdel Mawgoud Gad,🛍️ المتاجر والخدمات المختلفة,متاجر وخدمات مختلفة,أطباء وعيادات,,,مدينة بنها,"El Mahkama St. Off Saad Zaghloul St., Banha",,,,,,,,,,,,,,,False,False,Egypt Yellow Pages,,2026-09-18,,
306,Dr. Magdy Omar,🛍️ المتاجر والخدمات المختلفة,متاجر وخدمات مختلفة,أطباء وعيادات,,,مدينة بنها,"El Shaheed Farid Nada St., Banha",,,,,,,,,,,,,,,False,False,Egypt Yellow Pages,,2026-09-18,,
307,Dr. Magid Abdel Karim,🛍️ المتاجر والخدمات المختلفة,متاجر وخدمات مختلفة,أطباء وعيادات,,,مدينة بنها,"15 Saad Zaghloul St., Banha",,,,,,,,,,,,,,,False,False,Egypt Yellow Pages,,2026-09-18,,
308,Dr. Maher Galal Ibrahim,🛍️ المتاجر والخدمات المختلفة,متاجر وخدمات مختلفة,أطباء وعيادات,,,مدينة بنها,"12 Gamil St., Banha",,,,,,,,,,,,,,,False,False,Egypt Yellow Pages,,2026-09-18,,
309,Dr. Mahmoud Abou El Ela,🛍️ المتاجر والخدمات المختلفة,متاجر وخدمات مختلفة,أطباء وعيادات,,,مدينة بنها,"4 Abdel Sattar El Attar St., Banha",,,,,,,,,,,,,,,False,False,Egypt Yellow Pages,,2026-09-18,,
310,Dr. Mahmoud Gehad,🛍️ المتاجر والخدمات المختلفة,متاجر وخدمات مختلفة,أطباء وعيادات,,,مدينة بنها,"Naguib El Noury St., Banha",,,,,,,,,,,,,,,False,False,Egypt Yellow Pages,,2026-09-18,,
311,Dr. Mahmoud Rezq Fayed,🛍️ المتاجر والخدمات المختلفة,متاجر وخدمات مختلفة,أطباء وعيادات,,,مدينة بنها,"El Nada Tower, Corniche El Nil, Banha",,,,,,,,,,,,,,,False,False,Egypt Yellow Pages,,2026-09-18,,
312,Dr. Mahmoud Saqr,🛍️ المتاجر والخدمات المختلفة,متاجر وخدمات مختلفة,أطباء وعيادات,,,مدينة بنها,"Gamil St., Banha",,,,,,,,,,,,,,,False,False,Egypt Yellow Pages,,2026-09-18,,
313,Dr. Manar Abdullah Nour El Din,🛍️ المتاجر والخدمات المختلفة,متاجر وخدمات مختلفة,أطباء وعيادات,,,مدينة بنها,"9 Bank Misr St., Banha",,,,,,,,,,,,,,,False,False,Egypt Yellow Pages,,2026-09-18,,
314,Dr. Mashhour Mohamed Hassan,🛍️ المتاجر والخدمات المختلفة,متاجر وخدمات مختلفة,أطباء وعيادات,,,مدينة بنها,"9 Abdel Moneim Mousa St., Banha",,,,,,,,,,,,,,,False,False,Egypt Yellow Pages,,2026-09-18,,
315,Dr. Micheal Abdel Malak Zaky,🛍️ المتاجر والخدمات المختلفة,متاجر وخدمات مختلفة,أطباء وعيادات,,,مدينة بنها,"26 Saad Zaghloul St., Floor 3, Banha",,,,,,,,,,,,,,,False,False,Egypt Yellow Pages,,2026-09-18,,
316,Dr. Moataz El Shahhat Rezq,🛍️ المتاجر والخدمات المختلفة,متاجر وخدمات مختلفة,أطباء وعيادات,,,مدينة بنها,"12 Ibn Eissa St., Banha",,,,,,,,,,,,,,,False,False,Egypt Yellow Pages,,2026-09-18,,
317,Dr. Mohamed Abdel Ghany Mohamed,🛍️ المتاجر والخدمات المختلفة,متاجر وخدمات مختلفة,أطباء وعيادات,,,مدينة بنها,"25 Abou Amr St. Off Abdel Hafez St., Kafr Manaqer, Banha",,,,,,,,,,,,,,,False,False,Egypt Yellow Pages,,2026-09-18,,
318,Dr. Mohamed Abdel Halim,🛍️ المتاجر والخدمات المختلفة,متاجر وخدمات مختلفة,أطباء وعيادات,,,مدينة بنها,"Rania Tower, El Kobry St., Banha",,,,,,,,,,,,,,,False,False,Egypt Yellow Pages,,2026-09-18,,
319,Dr. Mohamed Abdel Hamid,🛍️ المتاجر والخدمات المختلفة,متاجر وخدمات مختلفة,أطباء وعيادات,,,مدينة بنها,"16 Seif El Nasr St., Banha",,,,,,,,,,,,,,,False,False,Egypt Yellow Pages,,2026-09-18,,
320,Dr. Mohamed Abdel Hamid Abdel Salam,🛍️ المتاجر والخدمات المختلفة,متاجر وخدمات مختلفة,أطباء وعيادات,,,مدينة بنها,"42 Gharb El Estad St., Banha",,,,,,,,,,,,,,,False,False,Egypt Yellow Pages,,2026-09-18,,
321,Dr. Mohamed Abdel Mohsen El Mahdy,🛍️ المتاجر والخدمات المختلفة,متاجر وخدمات مختلفة,أطباء وعيادات,,,مدينة بنها,"El Kobry St., Banha",,,,,,,,,,,,,,,False,False,Egypt Yellow Pages,,2026-09-18,,
322,Dr. Mohamed Abdel Moneim Abdel Bar,🛍️ المتاجر والخدمات المختلفة,متاجر وخدمات مختلفة,أطباء وعيادات,,,مدينة بنها,"52 Ahmed Maher St., Banha",,,,,,,,,,,,,,,False,False,Egypt Yellow Pages,,2026-09-18,,
323,Dr. Mohamed Abdel Shafy,🛍️ المتاجر والخدمات المختلفة,متاجر وخدمات مختلفة,أطباء وعيادات,,,مدينة بنها,"Corniche El Nil St., Banha",,,,,,,,,,,,,,,False,False,Egypt Yellow Pages,,2026-09-18,,
324,Dr. Mohamed Anany,🛍️ المتاجر والخدمات المختلفة,متاجر وخدمات مختلفة,أطباء وعيادات,,,مدينة بنها,"Seif El Nasr St., Banha",,,,,,,,,,,,,,,False,False,Egypt Yellow Pages,,2026-09-18,,
325,Dr. Mohamed Atef Abdel Aziz,🛍️ المتاجر والخدمات المختلفة,متاجر وخدمات مختلفة,أطباء وعيادات,,,مدينة بنها,"27 Abdel Sattar El Attar St., Banha",,,,,,,,,,,,,,,False,False,Egypt Yellow Pages,,2026-09-18,,
326,Dr. Mohamed El Hady Aly,🛍️ المتاجر والخدمات المختلفة,متاجر وخدمات مختلفة,أطباء وعيادات,,,مدينة بنها,"1 Gamil St., Banha",,,,,,,,,,,,,,,False,False,Egypt Yellow Pages,,2026-09-18,,
327,Dr. Mohamed El Refaey,🛍️ المتاجر والخدمات المختلفة,متاجر وخدمات مختلفة,أطباء وعيادات,,,مدينة بنها,"4 El Sheddeya St., El Sheddeya, Banha",,,,,,,,,,,,,,,False,False,Egypt Yellow Pages,,2026-09-18,,
328,Dr. Mohamed Hammad El Azab,🛍️ المتاجر والخدمات المختلفة,متاجر وخدمات مختلفة,أطباء وعيادات,,,مدينة بنها,"1 Talaat Harb St. Off Saad Zaghloul St., Mekka Tower, Banha",,,,,,,,,,,,,,,False,False,Egypt Yellow Pages,,2026-09-18,,
329,Dr. Mohamed Haqqy,🛍️ المتاجر والخدمات المختلفة,متاجر وخدمات مختلفة,أطباء وعيادات,,,مدينة بنها,"13 Saad Zaghloul St., Banha",,,,,,,,,,,,,,,False,False,Egypt Yellow Pages,,2026-09-18,,
330,Dr. Mohamed Hassan Labib,🛍️ المتاجر والخدمات المختلفة,متاجر وخدمات مختلفة,أطباء وعيادات,,,مدينة بنها,"21 Saad Zaghloul St., Banha",,,,,,,,,,,,,,,False,False,Egypt Yellow Pages,,2026-09-18,,
331,Dr. Mohamed Ibrahim Taha,🛍️ المتاجر والخدمات المختلفة,متاجر وخدمات مختلفة,أطباء وعيادات,,,مدينة بنها,"1 El Kobry El Qadim St., El Shamout, Banha",,,,,,,,,,,,,,,False,False,Egypt Yellow Pages,,2026-09-18,,
332,Dr. Mohamed Mahmoud Gharib,🛍️ المتاجر والخدمات المختلفة,متاجر وخدمات مختلفة,أطباء وعيادات,,,مدينة بنها,"13 Saad Zaghloul St., Banha",,,,,,,,,,,,,,,False,False,Egypt Yellow Pages,,2026-09-18,,
333,Dr. Mohamed Mostafa Kamal,🛍️ المتاجر والخدمات المختلفة,متاجر وخدمات مختلفة,أطباء وعيادات,,,مدينة بنها,"Emry El Noury St., Banha",,,,,,,,,,,,,,,False,False,Egypt Yellow Pages,,2026-09-18,,
334,Dr. Mohamed Nabil,🛍️ المتاجر والخدمات المختلفة,متاجر وخدمات مختلفة,أطباء وعيادات,,,مدينة بنها,"9 Bank Misr St., Banha",,,,,,,,,,,,,,,False,False,Egypt Yellow Pages,,2026-09-18,,
335,Dr. Mohamed Nasef,🛍️ المتاجر والخدمات المختلفة,متاجر وخدمات مختلفة,أطباء وعيادات,,,مدينة بنها,"1 Gamil St., Mekka Tower, Banha",,,,,,,,,,,,,,,False,False,Egypt Yellow Pages,,2026-09-18,,
336,Dr. Mohamed Qenawy,🛍️ المتاجر والخدمات المختلفة,متاجر وخدمات مختلفة,أطباء وعيادات,,,مدينة بنها,"33 Saad Zaghloul St., Banha",,,,,,,,,,,,,,,False,False,Egypt Yellow Pages,,2026-09-18,,
337,Dr. Mohamed Refaat,🛍️ المتاجر والخدمات المختلفة,متاجر وخدمات مختلفة,أطباء وعيادات,,,مدينة بنها,"Masraf El Hesa St., Banha",,,,,,,,,,,,,,,False,False,Egypt Yellow Pages,,2026-09-18,,
338,Dr. Mohamed Shaker Sadeq,🛍️ المتاجر والخدمات المختلفة,متاجر وخدمات مختلفة,أطباء وعيادات,,,مدينة بنها,"36 El Kobry St., Banha",,,,,,,,,,,,,,,False,False,Egypt Yellow Pages,,2026-09-18,,
339,Dr. Mohamed Wahdan,🛍️ المتاجر والخدمات المختلفة,متاجر وخدمات مختلفة,أطباء وعيادات,,,مدينة بنها,"5 Saad Zaghloul St., El Sheddeya, Banha",,,,,,,,,,,,,,,False,False,Egypt Yellow Pages,,2026-09-18,,
340,Dr. Mohamed Zakareya Iraqy,🛍️ المتاجر والخدمات المختلفة,متاجر وخدمات مختلفة,أطباء وعيادات,,,مدينة بنها,"El Horreya Bldg., El Kobry St., Banha",,,,,,,,,,,,,,,False,False,Egypt Yellow Pages,,2026-09-18,,
341,Dr. Mokhtar Abdel Aaty Shehata,🛍️ المتاجر والخدمات المختلفة,متاجر وخدمات مختلفة,أطباء وعيادات,,,مدينة بنها,"El Kobry St., Banha",,,,,,,,,,,,,,,False,False,Egypt Yellow Pages,,2026-09-18,,
342,Dr. Mokhtar Abdel Rahman,🛍️ المتاجر والخدمات المختلفة,متاجر وخدمات مختلفة,أطباء وعيادات,,,مدينة بنها,"16 Gamil St., Banha",,,,,,,,,,,,,,,False,False,Egypt Yellow Pages,,2026-09-18,,
343,Dr. Mona Atteya Hamouda,🛍️ المتاجر والخدمات المختلفة,متاجر وخدمات مختلفة,أطباء وعيادات,,,مدينة بنها,"El Amir St. Off Farid Nada St., Banha",,,,,,,,,,,,,,,False,False,Egypt Yellow Pages,,2026-09-18,,
344,Dr. Morsy Mostafa,🛍️ المتاجر والخدمات المختلفة,متاجر وخدمات مختلفة,أطباء وعيادات,,,مدينة بنها,"Saad Zaghloul St., Hegazy Tower, Floor 4, Banha",,,,,,,,,,,,,,,False,False,Egypt Yellow Pages,,2026-09-18,,
345,Dr. Mostafa Abdullah El Sayed,🛍️ المتاجر والخدمات المختلفة,متاجر وخدمات مختلفة,أطباء وعيادات,,,مدينة بنها,"Agiba St., El Alfy Tower, Floor 4, Banha",,,,,,,,,,,,,,,False,False,Egypt Yellow Pages,,2026-09-18,,
346,Dr. Mostafa Awad Heikal,🛍️ المتاجر والخدمات المختلفة,متاجر وخدمات مختلفة,أطباء وعيادات,,,مدينة بنها,"El Modereya St., Banha",,,,,,,,,,,,,,,False,False,Egypt Yellow Pages,,2026-09-18,,
347,Ebad El Rahman Juice,🛍️ المتاجر والخدمات المختلفة,متاجر وخدمات مختلفة,مطاعم,,,مدينة بنها,"9 El Dahshan St., El Sheddeya, Banha",,,,,,,,,,,,,,,False,False,Egypt Yellow Pages,,2026-09-18,,
348,El Aaelat B.B.Q,🛍️ المتاجر والخدمات المختلفة,متاجر وخدمات مختلفة,مطاعم,,,مدينة بنها,"11 El Shaheed Hany Abdel Moneim Hassanein St., Banha",,,,,,,,,,,,,,,False,False,Egypt Yellow Pages,,2026-09-18,,
349,El Alamain B.B.Q,🛍️ المتاجر والخدمات المختلفة,متاجر وخدمات مختلفة,مطاعم,,,مدينة بنها,"Farid Nada St., Banha",,,,,,,,,,,,,,,False,False,Egypt Yellow Pages,,2026-09-18,,
350,El Araby,🛍️ المتاجر والخدمات المختلفة,متاجر وخدمات مختلفة,مطاعم,,,مدينة بنها,"El Modereya St., Banha",,,,,,,,,,,,,,,False,False,Egypt Yellow Pages,,2026-09-18,,
351,El Araby Take Away,🛍️ المتاجر والخدمات المختلفة,متاجر وخدمات مختلفة,مطاعم,,,مدينة بنها,"59 Abdel Hafez St., Kafr Manaqer, Banha",,,,,,,,,,,,,,,False,False,Egypt Yellow Pages,,2026-09-18,,
352,El Askary Pastry,🛍️ المتاجر والخدمات المختلفة,متاجر وخدمات مختلفة,مطاعم,,,مدينة بنها,"Saad Zaghloul St., Banha",,,,,,,,,,,,,,,False,False,Egypt Yellow Pages,,2026-09-18,,
353,El Canal Fish,🛍️ المتاجر والخدمات المختلفة,متاجر وخدمات مختلفة,مطاعم,,,مدينة بنها,"Ferk El Amn St., Banha",,,,,,,,,,,,,,,False,False,Egypt Yellow Pages,,2026-09-18,,
354,El Demashqy For Syrian Sweets,🛍️ المتاجر والخدمات المختلفة,متاجر وخدمات مختلفة,مطاعم,,,مدينة بنها,"El Kobry St. Off El Mahatta St., Banha",,,,,,,,,,,,,,,False,False,Egypt Yellow Pages,,2026-09-18,,
355,El Ekhwa,🛍️ المتاجر والخدمات المختلفة,متاجر وخدمات مختلفة,مطاعم,,,مدينة بنها,"6 El Bahary St., El Haras El Watany, Banha",,,,,,,,,,,,,,,False,False,Egypt Yellow Pages,,2026-09-18,,
356,El Khayyam B.B.Q,🛍️ المتاجر والخدمات المختلفة,متاجر وخدمات مختلفة,مطاعم,,,مدينة بنها,"27 Abou Amr St. Off Abdel Hafez St., Kafr Manaqer, Banha",,,,,,,,,,,,,,,False,False,Egypt Yellow Pages,,2026-09-18,,
357,El Malek Farouq B.B.Q,🛍️ المتاجر والخدمات المختلفة,متاجر وخدمات مختلفة,مطاعم,,,مدينة بنها,"Corniche El Nil, Villas Zone, Banha",,,,,,,,,,,,,,,False,False,Egypt Yellow Pages,,2026-09-18,,
358,El Refa3y Pastry,🛍️ المتاجر والخدمات المختلفة,متاجر وخدمات مختلفة,مطاعم,,,مدينة بنها,"El Shal St. Off Salah El Din St., Banha",,,,,,,,,,,,,,,False,False,Egypt Yellow Pages,,2026-09-18,,
360,Nile View Mall,🛍️ المتاجر والخدمات المختلفة,متاجر وخدمات مختلفة,مول تجاري,مولات وتسوق,,مدينة بنها,كمال الدين حسين,,,,,,,,,,,,,,,False,False,جوجل خرائط local listing,,,,
361,Pet shop / معرض حيوانات أليفة ونباتات زينة,🛍️ المتاجر والخدمات المختلفة,متاجر وخدمات مختلفة,متجر حيوانات,حيوانات أليفة,,ورورة - كفر بطا,ورورة - كفر بطا - بنها,201000613317.0,,,,,,,,,,,,,,False,False,Bizmideast,,,,
363,السعد للأعلاف والكتاكيت ومستلزماتها,🛍️ المتاجر والخدمات المختلفة,متاجر وخدمات مختلفة,أعلاف ومستلزمات,زراعي وحيواني,,كفر الجزار,كفر الجزار,,,,,,,,,,,,,,,False,False,Banha AI,,,,
364,الفرعون للتسويق العقاري في بنها,🛍️ المتاجر والخدمات المختلفة,متاجر وخدمات مختلفة,تسويق عقاري,عقارات,,مدينة بنها,مبنى محافظة القليوبية - عبد البديع,201030145060.0,,,,,,,,,,,,,,False,False,جوجل خرائط local listing,,,,
365,الفرماوي وكيل أوبر وكريم,🛍️ المتاجر والخدمات المختلفة,متاجر وخدمات مختلفة,خدمات نقل,نقل ومواصلات,,ورورة - كفر بطا,ورورة - كفر بطا - بنها,201010159410.0,,,,,,,,,,,,,,False,False,Bizmideast,,,,
366,بالجرام للخضار والفاكهة - فرع كفر الجزار,🛍️ المتاجر والخدمات المختلفة,متاجر وخدمات مختلفة,خضار وفاكهة,مواد غذائية,,كفر الجزار,أمام البوسطة,,,,,,,,,,,,,,,False,False,City-App,,,,
367,سوبر ماركت الوليد,🛍️ المتاجر والخدمات المختلفة,متاجر وخدمات مختلفة,سوبر ماركت,تجزئة وبقالة,,كفر الجزار,F5FF+X2H - كفر الجزار,201033805183.0,,,,,,,,,,,,,,False,False,Banha AI,,,,
368,ماركت عباد الرحمن,🛍️ المتاجر والخدمات المختلفة,متاجر وخدمات مختلفة,سوبر ماركت,تجزئة وبقالة,,كفر الجزار,F5G9+7RV - كفر الجزار,,,,,,,,,,,,,,,False,False,Banha AI,,,,
369,مكتبة إبداع,🛍️ المتاجر والخدمات المختلفة,متاجر وخدمات مختلفة,مكتبة,مكتبات وأدوات مكتبية,,كفر الجزار,F5C9+VW4 - كفر الجزار,,,,,,,,,,,,,,,False,False,Banha AI,,,,
370,نفيخه للمعدات الثقيلة,🛍️ المتاجر والخدمات المختلفة,متاجر وخدمات مختلفة,معدات ثقيلة,معدات وخدمات,,كفر الجزار,F5G9+3FQ - كفر الجزار,201155545777.0,,,,,,,,,,,,,,False,False,Banha AI,,,,
371,Smile inn banha,🦷 عيادات الأسنان,أسنان,عيادة أسنان,أسنان,Banha,,"Kornish Al Nile, Qism Banha, Banha 2, Al-Qalyubia Governorate 13111, Egypt",201559202019.0,,,,,,4.9,144.0,,ChIJM14TFN7f9xQRDcdLoewQKEY,https://www.جوجل.com/maps/search/?api=1&query=Smile%20inn%20banha%20Kornish%20Al%20Nile%2C%20Qism%20Banha%2C%20Banha%202%2C%20Al-Qalyubia%20Governorate%2013111%2C%20Egypt,,,,,False,جوجل للأعمال / خرائط جوجل,ملف نشاط تجاري على جوجل,2026-09-18,,
373,Art dental clinic,🦷 عيادات الأسنان,أسنان,,عيادة أسنان,Banha,,"Qism Banha, Banha 2, Al-Qalyubia Governorate 6470122, Egypt",201501906449.0,,,,,,5.0,70.0,,ChIJ0cQfbQDf9xQRyeqgGZ7ncIE,https://www.جوجل.com/maps/search/?api=1&query=Art%20dental%20clinic%20Qism%20Banha%2C%20Banha%202%2C%20Al-Qalyubia%20Governorate%206470122%2C%20Egypt,,,,,False,جوجل للأعمال / خرائط جوجل,ملف نشاط تجاري على جوجل,2026-09-18,,
374,Momentum Dental Clinic,🦷 عيادات الأسنان,أسنان,,طبيب أسنان,Banha,,"F59M+G3F, Gomaa, Qism Banha, Banha 2, Al-Qalyubia Governorate 6470047, Egypt",201558967126.0,,,,,,5.0,19.0,,ChIJ3_-rXQDf9xQR3wFS9cihFfs,https://www.جوجل.com/maps/search/?api=1&query=Momentum%20Dental%20Clinic%20F59M%2BG3F%2C%20Gomaa%2C%20Qism%20Banha%2C%20Banha%202%2C%20Al-Qalyubia%20Governorate%206470047%2C%20Egypt,,,,,False,جوجل للأعمال / خرائط جوجل,ملف نشاط تجاري على جوجل,2026-09-18,,
376,Dental Center,🦷 عيادات الأسنان,أسنان,أطباء وعيادات,,,مدينة بنها,"Neqabet El Mohandesen St., Floor 3, Banha",,,,,,,,,,,,,,,False,False,Egypt Yellow Pages,,2026-09-18,,
